,DATE,ID,LATITUDE,LONGITUDE,# BACS,DÉBUT CRÉNEAUX,FIN CRÉNEAUX,TRAVEL TIME
,04/06/18,LaD-1,48.865451,2.336456,3,11:00,12:00,1:00
,04/06/18,LaD-2,48.856321,2.368372,7,11:00,12:00,1:00
,04/06/18,LaD-3,48.869822,2.378283,4,13:00,14:00,1:00
,04/06/18,LaD-4,48.862552,2.339873,3,12:00,13:00,1:00
,04/06/18,LaD-5,48.867728,2.325187,7,11:00,12:00,1:00
,04/06/18,LaD-6,48.871709,2.399894,2,16:00,17:00,1:00
,04/06/18,LaD-7,48.890522,2.343398,6,11:00,12:00,1:00
,04/06/18,LaD-8,48.849191,2.390109,9,11:00,12:00,1:00
,04/06/18,LaD-9,48.879239,2.362356,3,12:00,13:00,1:00
,04/06/18,LaD-10,48.863043,2.35517,5,11:00,12:00,1:00
,04/06/18,LaD-11,48.871692,2.371664,5,12:00,13:00,1:00
,04/06/18,LaD-12,48.858789,2.409489,3,11:00,12:00,1:00
,04/06/18,LaD-13,48.897759,2.336509,6,11:00,12:00,1:00
,04/06/18,LaD-14,48.871017,2.379029,8,12:00,13:00,1:00
,04/06/18,LaD-15,48.875891,2.346636,5,11:00,12:00,1:00
,04/06/18,LaD-16,48.846468,2.411162,6,20:00,21:00,1:00
,04/06/18,LaD-17,48.861321,2.408482,7,18:00,19:00,1:00
,04/06/18,LaD-18,48.881332,2.33999,1,16:00,17:00,1:00
,04/06/18,LaD-19,48.8488,2.39305,6,17:00,18:00,1:00
,04/06/18,LaD-20,48.854712,2.39198,3,18:00,19:00,1:00
,04/06/18,LaD-21,48.860292,2.38027,5,18:00,19:00,1:00
,04/06/18,LaD-22,48.84519,2.397978,12,21:00,22:00,1:00
,04/06/18,LaD-23,48.860623,2.356061,1,18:00,19:00,1:00
,04/06/18,LaD-24,48.860108,2.354577,6,20:00,21:00,1:00
,04/06/18,LaD-25,48.862072,2.357167,3,20:00,21:00,1:00
,04/06/18,LaD-26,48.866089,2.331329,1,19:00,20:00,1:00
,04/06/18,LaD-27,48.847409,2.394156,3,17:00,18:00,1:00
,04/06/18,LaD-28,48.858641,2.354856,4,20:00,22:00,2:00
,04/06/18,LaD-29,48.892828,2.339333,3,18:00,19:00,1:00
,04/06/18,LaD-30,48.866438,2.376619,7,19:00,20:00,1:00
,04/06/18,LaD-31,48.87126,2.356924,1,19:00,20:00,1:00
,04/06/18,LaD-32,48.869201,2.404696,4,20:00,21:00,1:00
,04/06/18,LaD-33,48.869248,2.402232,6,20:00,21:00,1:00
,04/06/18,LaD-34,48.86842,2.366322,2,19:00,20:00,1:00
,04/06/18,LaD-35,48.881409,2.365036,4,20:00,21:00,1:00
,04/06/18,LaD-36,48.871851,2.340808,6,19:00,20:00,1:00
,04/06/18,LaD-37,48.875832,2.341168,3,19:00,20:00,1:00
,04/06/18,LaD-38,48.890209,2.363111,4,20:00,21:00,1:00
,04/06/18,LaD-39,48.875513,2.357626,3,19:00,20:00,1:00
,04/06/18,LaD-40,48.875643,2.397933,5,20:00,21:00,1:00
,04/06/18,LaD-41,48.863593,2.340763,4,11:00,12:00,1:00
,04/06/18,LaD-42,48.837211,2.390658,1,11:00,12:00,1:00
,04/06/18,LaD-43,48.852191,2.389048,7,12:00,13:00,1:00
,04/06/18,LaD-44,48.851422,2.356142,6,12:00,13:00,1:00
,04/06/18,LaD-45,48.854108,2.367374,5,11:00,12:00,1:00
,04/06/18,LaD-46,48.876772,2.337921,6,11:00,12:00,1:00
,04/06/18,LaD-47,48.864918,2.354991,4,11:00,12:00,1:00
,04/06/18,LaD-48,48.875672,2.383634,5,12:00,13:00,1:00
,04/06/18,LaD-49,48.868953,2.349424,6,11:00,12:00,1:00
,04/06/18,LaD-50,48.897251,2.342598,6,11:00,12:00,1:00
,04/06/18,LaD-51,48.873998,2.370333,1,11:00,12:00,1:00
,04/06/18,LaD-52,48.869597,2.358354,1,11:00,12:00,1:00
,04/06/18,LaD-53,48.867912,2.38251,1,11:00,12:00,1:00
,04/06/18,LaD-54,48.861072,2.379371,1,12:00,13:00,1:00
,04/06/18,LaD-55,48.866941,2.369101,1,12:00,13:00,1:00
,04/06/18,LaD-56,48.871343,2.339783,3,12:00,13:00,1:00
,04/06/18,LaD-57,48.859558,2.383787,5,17:00,18:00,1:00
,04/06/18,LaD-58,48.844959,2.39564,11,19:00,20:00,1:00
,04/06/18,LaD-59,48.856611,2.371583,6,19:00,20:00,1:00
,04/06/18,LaD-60,48.856818,2.356223,1,20:00,21:00,1:00
,04/06/18,LaD-61,48.888169,2.332912,7,16:00,17:00,1:00
,04/06/18,LaD-62,48.850469,2.390262,5,19:00,20:00,1:00
,04/06/18,LaD-63,48.83759,2.390882,5,20:00,21:00,1:00
,04/06/18,LaD-64,48.839082,2.395919,2,21:00,22:00,1:00
,04/06/18,LaD-65,48.868787,2.348884,4,21:00,22:00,1:00
,04/06/18,LaD-66,48.881498,2.364442,5,21:00,22:00,1:00
,04/06/18,LaD-67,48.83643,2.38492,7,19:00,20:00,1:00
,04/06/18,LaD-68,48.848581,2.372644,8,19:00,21:00,2:00
,04/06/18,LaD-69,48.87844,2.341986,2,18:00,19:00,1:00
,04/06/18,LaD-70,48.861422,2.385648,5,20:00,21:00,1:00
,04/06/18,LaD-71,48.864681,2.37304,9,20:00,21:00,1:00
,04/06/18,LaD-72,48.882149,2.346258,4,20:00,21:00,1:00
,04/06/18,LaD-73,48.887299,2.388292,4,18:00,19:00,1:00
,04/06/18,LaD-74,48.855582,2.396764,3,20:00,21:00,1:00
,04/06/18,LaD-75,48.866013,2.374362,3,20:00,21:00,1:00
,04/06/18,LaD-76,48.86664,2.393014,1,18:00,19:00,1:00
,04/06/18,LaD-77,48.86829,2.357113,4,20:00,21:00,1:00
,04/06/18,LaD-78,48.892509,2.362437,2,20:00,21:00,1:00
,04/06/18,LaD-79,48.889422,2.33249,3,20:00,21:00,1:00
,04/06/18,LaD-80,48.888801,2.341231,5,19:00,20:00,1:00
,04/06/18,LaD-81,48.882249,2.392007,1,20:00,21:00,1:00
,04/06/18,LaD-82,48.892923,2.377797,4,19:00,20:00,1:00
,04/06/18,LaD-83,48.873608,2.333838,1,12:00,14:00,2:00
,04/06/18,LaD-84,48.867208,2.366556,1,16:00,17:00,1:00
,04/06/18,LaD-85,48.871739,2.39421,7,13:00,14:00,1:00
,04/06/18,LaD-86,48.857238,2.368157,1,11:00,12:00,1:00
,04/06/18,LaD-87,48.883089,2.38617,4,13:00,14:00,1:00
,04/06/18,LaD-88,48.863469,2.364137,5,13:00,14:00,1:00
,04/06/18,LaD-89,48.86874,2.383418,5,14:00,15:00,1:00
,04/06/18,LaD-90,48.889848,2.34303,3,11:00,12:00,1:00
,04/06/18,LaD-91,48.887093,2.341366,6,11:00,12:00,1:00
,04/06/18,LaD-92,48.888618,2.33677,5,12:00,13:00,1:00
,04/06/18,LaD-93,48.851688,2.389453,4,11:00,12:00,1:00
,04/06/18,LaD-94,48.873679,2.350512,1,11:00,12:00,1:00
,04/06/18,LaD-95,48.883142,2.367734,3,12:00,13:00,1:00
,04/06/18,LaD-96,48.858309,2.353246,8,11:00,12:00,1:00
,04/06/18,LaD-97,48.859221,2.408896,4,11:00,12:00,1:00
,04/06/18,LaD-98,48.892852,2.364227,6,11:00,12:00,1:00
,04/06/18,LaD-99,48.863711,2.375666,1,11:00,12:00,1:00
,04/06/18,LaD-100,48.840887,2.405847,1,20:00,21:00,1:00
,04/06/18,LaD-101,48.849948,2.391116,5,18:00,19:00,1:00
,04/06/18,LaD-102,48.852741,2.374434,4,19:00,20:00,1:00
,04/06/18,LaD-103,48.856582,2.373867,3,19:00,20:00,1:00
,04/06/18,LaD-104,48.854972,2.373112,2,20:00,21:00,1:00
,04/06/18,LaD-105,48.836477,2.406333,2,20:00,21:00,1:00
,04/06/18,LaD-106,48.865451,2.350512,6,18:00,19:00,1:00
,04/06/18,LaD-107,48.865013,2.351798,5,21:00,22:00,1:00
,04/06/18,LaD-108,48.877121,2.356187,1,18:00,19:00,1:00
,04/06/18,LaD-109,48.85586,2.38072,4,19:00,20:00,1:00
,04/06/18,LaD-110,48.857582,2.376206,7,20:00,21:00,1:00
,04/06/18,LaD-111,48.880481,2.372617,1,20:00,21:00,1:00
,04/06/18,LaD-112,48.883982,2.361178,4,19:00,20:00,1:00
,04/06/18,LaD-113,48.876027,2.360926,8,19:00,20:00,1:00
,04/06/18,LaD-114,48.868509,2.404111,6,19:00,20:00,1:00
,04/06/18,LaD-115,48.868403,2.381152,5,19:00,20:00,1:00
,04/06/18,LaD-116,48.872798,2.382852,6,18:00,19:00,1:00
,04/06/18,LaD-117,48.869911,2.34624,5,19:00,20:00,1:00
,04/06/18,LaD-118,48.876258,2.351186,4,19:00,20:00,1:00
,04/06/18,LaD-119,48.892373,2.36214,3,20:00,21:00,1:00
,04/06/18,LaD-120,48.895028,2.336204,5,20:00,21:00,1:00
,04/06/18,LaD-121,48.8862,2.363003,4,19:00,20:00,1:00
,04/06/18,LaD-122,48.894371,2.341303,2,19:00,20:00,1:00
,04/06/18,LaD-123,48.875489,2.402763,2,20:00,21:00,1:00
,04/06/18,LaD-124,48.836939,2.391539,4,11:00,12:00,1:00
,04/06/18,LaD-125,48.871532,2.349891,5,14:00,15:00,1:00
,04/06/18,LaD-126,48.862078,2.342688,1,15:00,16:00,1:00
,04/06/18,LaD-127,48.852327,2.357437,3,11:00,12:00,1:00
,04/06/18,LaD-128,48.865669,2.357032,5,12:00,13:00,1:00
,04/06/18,LaD-129,48.858901,2.351447,10,12:00,13:00,1:00
,04/06/18,LaD-130,48.890008,2.341528,4,12:00,13:00,1:00
,04/06/18,LaD-131,48.867302,2.359433,4,11:00,12:00,1:00
,04/06/18,LaD-132,48.877281,2.363174,7,11:00,12:00,1:00
,04/06/18,LaD-133,48.886188,2.390999,8,12:00,13:00,1:00
,04/06/18,LaD-134,48.881817,2.388409,4,11:00,12:00,1:00
,04/06/18,LaD-135,48.877748,2.378328,1,11:00,12:00,1:00
,04/06/18,LaD-136,48.886608,2.374371,5,12:00,13:00,1:00
,04/06/18,LaD-137,48.859191,2.410569,7,12:00,13:00,1:00
,04/06/18,LaD-138,48.838602,2.402583,1,11:00,12:00,1:00
,04/06/18,LaD-139,48.850469,2.387546,4,19:00,20:00,1:00
,04/06/18,LaD-140,48.873182,2.396099,4,17:00,18:00,1:00
,04/06/18,LaD-141,48.870751,2.334801,3,19:00,20:00,1:00
,04/06/18,LaD-142,48.880428,2.328874,1,18:00,19:00,1:00
,04/06/18,LaD-143,48.880439,2.327354,1,19:00,20:00,1:00
,04/06/18,LaD-144,48.874832,2.332454,1,21:00,22:00,1:00
,04/06/18,LaD-145,48.874738,2.346663,1,21:00,22:00,1:00
,04/06/18,LaD-146,48.852327,2.362968,5,18:00,19:00,1:00
,04/06/18,LaD-147,48.854351,2.371403,10,20:00,21:00,1:00
,04/06/18,LaD-148,48.885898,2.34865,3,18:00,19:00,1:00
,04/06/18,LaD-149,48.896671,2.328703,6,17:00,18:00,1:00
,04/06/18,LaD-150,48.873158,2.403779,6,18:00,19:00,1:00
,04/06/18,LaD-151,48.88436,2.395559,7,21:00,22:00,1:00
,04/06/18,LaD-152,48.894182,2.359496,1,19:00,20:00,1:00
,04/06/18,LaD-153,48.87488,2.393697,5,20:00,21:00,1:00
,04/06/18,LaD-154,48.879322,2.35339,6,20:00,21:00,1:00
,04/06/18,LaD-155,48.852741,2.39457,7,20:00,21:00,1:00
,04/06/18,LaD-156,48.886862,2.385666,11,18:00,19:00,1:00
,04/06/18,LaD-157,48.868941,2.404903,7,21:00,22:00,1:00
,04/06/18,LaD-158,48.885259,2.336554,3,19:00,20:00,1:00
,04/06/18,LaD-159,48.884952,2.326923,4,19:00,20:00,1:00
,04/06/18,LaD-160,48.88892,2.326122,5,20:00,21:00,1:00
,04/06/18,LaD-161,48.86661,2.393868,4,19:00,20:00,1:00
,04/06/18,LaD-162,48.87126,2.327022,7,12:00,13:00,1:00
,04/06/18,LaD-163,48.877819,2.340889,4,12:00,13:00,1:00
,04/06/18,LaD-164,48.84883,2.37742,7,11:00,12:00,1:00
,04/06/18,LaD-165,48.877163,2.345593,3,14:00,15:00,1:00
,04/06/18,LaD-166,48.876932,2.352517,2,13:00,14:00,1:00
,04/06/18,LaD-167,48.869408,2.355782,4,13:00,14:00,1:00
,04/06/18,LaD-168,48.87197,2.343308,7,11:00,12:00,1:00
,04/06/18,LaD-169,48.878109,2.356016,10,11:00,12:00,1:00
,04/06/18,LaD-170,48.875542,2.381826,4,12:00,13:00,1:00
,04/06/18,LaD-171,48.862463,2.410191,6,11:00,12:00,1:00
,04/06/18,LaD-172,48.871561,2.35553,7,11:00,12:00,1:00
,04/06/18,LaD-173,48.853398,2.394579,4,11:00,12:00,1:00
,04/06/18,LaD-174,48.84522,2.406513,3,11:00,12:00,1:00
,04/06/18,LaD-175,48.84232,2.411351,1,11:00,12:00,1:00
,04/06/18,LaD-176,48.882421,2.350539,3,11:00,12:00,1:00
,04/06/18,LaD-177,48.843468,2.408051,4,15:00,16:00,1:00
,04/06/18,LaD-178,48.89647,2.331581,6,14:00,15:00,1:00
,04/06/18,LaD-179,48.857268,2.377492,8,18:00,19:00,1:00
,04/06/18,LaD-180,48.851481,2.392159,3,19:00,20:00,1:00
,04/06/18,LaD-181,48.855688,2.357104,4,19:00,20:00,1:00
,04/06/18,LaD-182,48.869852,2.349721,4,18:00,19:00,1:00
,04/06/18,LaD-183,48.870763,2.337697,4,19:00,20:00,1:00
,04/06/18,LaD-184,48.869663,2.347841,3,20:00,21:00,1:00
,04/06/18,LaD-185,48.885313,2.337319,4,18:00,19:00,1:00
,04/06/18,LaD-186,48.868207,2.325619,1,19:00,20:00,1:00
,04/06/18,LaD-187,48.846267,2.373876,2,20:00,21:00,1:00
,04/06/18,LaD-188,48.880008,2.332966,1,20:00,21:00,1:00
,04/06/18,LaD-189,48.875731,2.32802,1,20:00,21:00,1:00
,04/06/18,LaD-190,48.885218,2.336671,1,21:00,22:00,1:00
,04/06/18,LaD-191,48.858688,2.361151,5,19:00,20:00,1:00
,04/06/18,LaD-192,48.86913,2.40922,5,21:00,22:00,1:00
,04/06/18,LaD-193,48.875122,2.351924,1,19:00,20:00,1:00
,04/06/18,LaD-194,48.869828,2.370558,4,19:00,20:00,1:00
,04/06/18,LaD-195,48.87469,2.392753,3,20:00,22:00,2:00
,04/06/18,LaD-196,48.872141,2.405847,5,18:00,19:00,1:00
,04/06/18,LaD-197,48.868071,2.378652,6,20:00,21:00,1:00
,04/06/18,LaD-198,48.866752,2.38161,7,20:00,21:00,1:00
,04/06/18,LaD-199,48.886401,2.37715,5,21:00,22:00,1:00
,04/06/18,LaD-200,48.891137,2.365423,1,18:00,19:00,1:00
,04/06/18,LaD-201,48.89028,2.336707,3,19:00,20:00,1:00
,04/06/18,LaD-202,48.88271,2.360584,1,19:00,20:00,1:00
,04/06/18,LaD-203,48.887571,2.389372,4,19:00,20:00,1:00
,04/06/18,LaD-204,48.895223,2.382852,5,20:00,21:00,1:00
,04/06/18,LaD-205,48.866107,2.344558,6,11:00,12:00,1:00
,04/06/18,LaD-206,48.842101,2.392906,3,12:00,13:00,1:00
,04/06/18,LaD-207,48.864279,2.343929,1,15:00,16:00,1:00
,04/06/18,LaD-208,48.848877,2.369344,5,12:00,13:00,1:00
,04/06/18,LaD-209,48.889239,2.332301,4,12:00,13:00,1:00
,04/06/18,LaD-210,48.894011,2.378796,10,14:00,15:00,1:00
,04/06/18,LaD-211,48.88138,2.365558,4,12:00,13:00,1:00
,04/06/18,LaD-212,48.859221,2.408896,4,11:00,12:00,1:00
,04/06/18,LaD-213,48.859842,2.409301,4,11:00,12:00,1:00
,04/06/18,LaD-214,48.87905,2.343983,5,12:00,13:00,1:00
,04/06/18,LaD-215,48.88125,2.336159,3,11:00,12:00,1:00
,04/06/18,LaD-216,48.881912,2.374083,5,11:00,12:00,1:00
,04/06/18,LaD-217,48.87388,2.375252,9,12:00,13:00,1:00
,04/06/18,LaD-218,48.87391,2.390766,8,11:00,12:00,1:00
,04/06/18,LaD-219,48.868468,2.39564,7,11:00,12:00,1:00
,04/06/18,LaD-220,48.890493,2.386476,4,12:00,13:00,1:00
,04/06/18,LaD-221,48.869929,2.357257,4,11:00,12:00,1:00
,04/06/18,LaD-222,48.859292,2.410668,8,12:00,13:00,1:00
,04/06/18,LaD-223,48.861043,2.374749,1,12:00,13:00,1:00
,04/06/18,LaD-224,48.856818,2.374389,4,16:00,17:00,1:00
,04/06/18,LaD-225,48.851688,2.406243,6,17:00,18:00,1:00
,04/06/18,LaD-226,48.854191,2.405658,4,18:00,19:00,1:00
,04/06/18,LaD-227,48.845178,2.404579,4,20:00,21:00,1:00
,04/06/18,LaD-228,48.836939,2.401432,1,19:00,20:00,1:00
,04/06/18,LaD-229,48.897978,2.340826,4,15:00,16:00,1:00
,04/06/18,LaD-230,48.856008,2.367122,6,20:00,21:00,1:00
,04/06/18,LaD-231,48.857919,2.392061,1,21:00,22:00,1:00
,04/06/18,LaD-232,48.87068,2.32802,4,16:00,17:00,1:00
,04/06/18,LaD-233,48.867781,2.375459,5,17:00,18:00,1:00
,04/06/18,LaD-234,48.887359,2.341483,3,17:00,18:00,1:00
,04/06/18,LaD-235,48.869337,2.333883,1,21:00,22:00,1:00
,04/06/18,LaD-236,48.879233,2.335026,1,20:00,21:00,1:00
,04/06/18,LaD-237,48.868752,2.395424,7,18:00,19:00,1:00
,04/06/18,LaD-238,48.885679,2.372491,1,20:00,21:00,1:00
,04/06/18,LaD-239,48.871709,2.378472,1,19:00,20:00,1:00
,04/06/18,LaD-240,48.868249,2.379263,9,19:00,20:00,1:00
,04/06/18,LaD-241,48.89394,2.37277,5,20:00,21:00,1:00
,04/06/18,LaD-242,48.883432,2.380936,1,20:00,21:00,1:00
,04/06/18,LaD-243,48.884709,2.381332,1,20:00,21:00,1:00
,04/06/18,LaD-244,48.897357,2.387546,5,20:00,21:00,1:00
,04/06/18,LaD-245,48.854351,2.385936,4,12:00,13:00,1:00
,04/06/18,LaD-246,48.877612,2.362158,1,17:00,18:00,1:00
,04/06/18,LaD-247,48.871561,2.326383,3,11:00,12:00,1:00
,04/06/18,LaD-248,48.875661,2.344433,1,12:00,13:00,1:00
,04/06/18,LaD-249,48.878712,2.376691,10,15:00,16:00,1:00
,04/06/18,LaD-250,48.849179,2.390649,5,11:00,12:00,1:00
,04/06/18,LaD-251,48.854812,2.379452,8,12:00,13:00,1:00
,04/06/18,LaD-252,48.877612,2.362158,3,11:00,12:00,1:00
,04/06/18,LaD-253,48.876613,2.363408,8,11:00,12:00,1:00
,04/06/18,LaD-254,48.869828,2.39609,5,12:00,13:00,1:00
,04/06/18,LaD-255,48.8722,2.339261,7,11:00,12:00,1:00
,04/06/18,LaD-256,48.886442,2.353974,3,12:00,13:00,1:00
,04/06/18,LaD-257,48.883249,2.367869,3,11:00,12:00,1:00
,04/06/18,LaD-258,48.873442,2.370522,1,11:00,12:00,1:00
,04/06/18,LaD-259,48.863149,2.398284,3,12:00,13:00,1:00
,04/06/18,LaD-260,48.840721,2.40609,1,12:00,13:00,1:00
,04/06/18,LaD-261,48.897322,2.337427,3,12:00,13:00,1:00
,04/06/18,LaD-262,48.847078,2.399732,8,16:00,18:00,2:00
,04/06/18,LaD-263,48.853718,2.350818,3,19:00,20:00,1:00
,04/06/18,LaD-264,48.862522,2.355062,4,20:00,21:00,1:00
,04/06/18,LaD-265,48.876518,2.362113,5,18:00,19:00,1:00
,04/06/18,LaD-266,48.869668,2.345206,3,19:00,20:00,1:00
,04/06/18,LaD-267,48.874341,2.346573,3,20:00,21:00,1:00
,04/06/18,LaD-268,48.869739,2.342742,1,20:00,21:00,1:00
,04/06/18,LaD-269,48.866912,2.342904,1,20:00,21:00,1:00
,04/06/18,LaD-270,48.854789,2.362374,7,18:00,19:00,1:00
,04/06/18,LaD-271,48.84622,2.375657,6,19:00,20:00,1:00
,04/06/18,LaD-272,48.861422,2.362086,6,21:00,22:00,1:00
,04/06/18,LaD-273,48.876849,2.338488,8,19:00,20:00,1:00
,04/06/18,LaD-274,48.86435,2.400289,5,20:00,21:00,1:00
,04/06/18,LaD-275,48.881332,2.373076,1,20:00,21:00,1:00
,04/06/18,LaD-276,48.849132,2.411441,5,19:00,20:00,1:00
,04/06/18,LaD-277,48.886371,2.33883,7,19:00,20:00,1:00
,04/06/18,LaD-278,48.883958,2.376268,5,19:00,20:00,1:00
,04/06/18,LaD-279,48.876489,2.404228,5,20:00,21:00,1:00
,04/06/18,LaD-280,48.8785,2.364281,5,19:00,20:00,1:00
,04/06/18,LaD-281,48.859221,2.408896,8,20:00,21:00,1:00
,04/06/18,LaD-282,48.901661,2.386359,3,19:00,20:00,1:00
,04/06/18,LaD-283,48.854351,2.359397,4,11:00,12:00,1:00
,04/06/18,LaD-284,48.845598,2.395829,11,14:00,15:00,1:00
,04/06/18,LaD-285,48.880641,2.330691,2,12:00,13:00,1:00
,04/06/18,LaD-286,48.88057,2.330223,1,12:00,13:00,1:00
,04/06/18,LaD-287,48.851333,2.389767,1,11:00,12:00,1:00
,04/06/18,LaD-288,48.853363,2.383319,6,12:00,13:00,1:00
,04/06/18,LaD-289,48.857339,2.379623,3,12:00,13:00,1:00
,04/06/18,LaD-290,48.867781,2.355854,4,11:00,12:00,1:00
,04/06/18,LaD-291,48.87954,2.363228,5,12:00,13:00,1:00
,04/06/18,LaD-292,48.887601,2.379326,4,12:00,13:00,1:00
,04/06/18,LaD-293,48.867521,2.376853,6,12:00,13:00,1:00
,04/06/18,LaD-294,48.886123,2.383184,3,11:00,12:00,1:00
,04/06/18,LaD-295,48.86871,2.404444,3,11:00,12:00,1:00
,04/06/18,LaD-296,48.869858,2.389282,7,11:00,12:00,1:00
,04/06/18,LaD-297,48.872928,2.396881,10,11:00,12:00,1:00
,04/06/18,LaD-298,48.845622,2.403437,2,11:00,12:00,1:00
,04/06/18,LaD-299,48.84013,2.402457,1,11:00,12:00,1:00
,04/06/18,LaD-300,48.85699,2.408761,1,12:00,13:00,1:00
,04/06/18,LaD-301,48.863072,2.339144,1,14:00,15:00,1:00
,04/06/18,LaD-302,48.867592,2.377339,1,11:00,12:00,1:00
,04/06/18,LaD-303,48.877198,2.342796,3,11:00,12:00,1:00
,04/06/18,LaD-304,48.836649,2.401378,1,19:00,20:00,1:00
,04/06/18,LaD-305,48.876772,2.34874,3,17:00,18:00,1:00
,04/06/18,LaD-306,48.86451,2.340314,6,19:00,20:00,1:00
,04/06/18,LaD-307,48.874052,2.347418,5,20:00,21:00,1:00
,04/06/18,LaD-308,48.877358,2.362932,3,21:00,22:00,1:00
,04/06/18,LaD-309,48.844598,2.383643,7,19:00,20:00,1:00
,04/06/18,LaD-310,48.860469,2.355638,3,21:00,22:00,1:00
,04/06/18,LaD-311,48.878281,2.332391,1,19:00,20:00,1:00
,04/06/18,LaD-312,48.879132,2.333326,1,19:00,20:00,1:00
,04/06/18,LaD-313,48.862901,2.404768,6,18:00,19:00,1:00
,04/06/18,LaD-314,48.847812,2.399174,1,19:00,20:00,1:00
,04/06/18,LaD-315,48.879422,2.351402,1,19:00,20:00,1:00
,04/06/18,LaD-316,48.877512,2.401423,5,18:00,19:00,1:00
,04/06/18,LaD-317,48.869071,2.346357,3,19:00,20:00,1:00
,04/06/18,LaD-318,48.859008,2.374623,6,20:00,21:00,1:00
,04/06/18,LaD-319,48.883059,2.386143,3,21:00,22:00,1:00
,04/06/18,LaD-320,48.873969,2.345278,5,19:00,20:00,1:00
,04/06/18,LaD-321,48.888541,2.359829,4,19:00,20:00,1:00
,04/06/18,LaD-322,48.89206,2.353048,5,19:00,20:00,1:00
,04/06/18,LaD-323,48.889789,2.381691,6,20:00,21:00,1:00
,04/06/18,LaD-324,48.88792,2.350737,3,20:00,21:00,1:00
,04/06/18,LaD-325,48.890327,2.347751,5,20:00,21:00,1:00
,04/06/18,LaD-326,48.876228,2.356124,1,19:00,20:00,1:00
,04/06/18,LaD-327,48.886897,2.369569,7,19:00,20:00,1:00
,04/06/18,LaD-328,48.844391,2.421657,8,20:00,21:00,1:00
,05/06/18,LaD-329,48.840212,2.39859,5,7:00,8:00,1:00
,05/06/18,LaD-330,48.876169,2.38135,4,9:00,10:00,1:00
,05/06/18,LaD-331,48.858871,2.386044,3,8:00,9:00,1:00
,05/06/18,LaD-332,48.892278,2.347121,4,11:00,12:00,1:00
,05/06/18,LaD-333,48.839461,2.38894,1,9:00,10:00,1:00
,05/06/18,LaD-334,48.896411,2.34008,7,8:00,9:00,1:00
,05/06/18,LaD-335,48.868681,2.359586,3,10:00,11:00,1:00
,05/06/18,LaD-336,48.888512,2.388994,3,13:00,14:00,1:00
,05/06/18,LaD-337,48.845628,2.407151,1,12:00,13:00,1:00
,05/06/18,LaD-338,48.868219,2.40698,5,11:00,12:00,1:00
,05/06/18,LaD-339,48.844882,2.405272,8,14:00,15:00,1:00
,05/06/18,LaD-340,48.876832,2.379029,5,11:00,12:00,1:00
,05/06/18,LaD-341,48.885939,2.340008,7,11:00,12:00,1:00
,05/06/18,LaD-342,48.875022,2.355791,4,11:00,12:00,1:00
,05/06/18,LaD-343,48.878358,2.342733,1,16:00,17:00,1:00
,05/06/18,LaD-344,48.854339,2.368849,1,19:00,20:00,1:00
,05/06/18,LaD-345,48.853327,2.370423,1,19:00,20:00,1:00
,05/06/18,LaD-346,48.875057,2.370333,5,21:00,22:00,1:00
,05/06/18,LaD-347,48.858641,2.354856,3,20:00,21:00,1:00
,05/06/18,LaD-348,48.861812,2.343371,3,18:00,19:00,1:00
,05/06/18,LaD-349,48.861203,2.388059,3,21:00,22:00,1:00
,05/06/18,LaD-350,48.851339,2.384542,3,18:00,19:00,1:00
,05/06/18,LaD-351,48.880031,2.365081,1,21:00,22:00,1:00
,05/06/18,LaD-352,48.869308,2.381269,3,19:00,20:00,1:00
,05/06/18,LaD-353,48.843172,2.406612,1,21:00,22:00,1:00
,05/06/18,LaD-354,48.885833,2.366088,4,20:00,21:00,1:00
,05/06/18,LaD-355,48.898569,2.37572,9,21:00,22:00,1:00
,05/06/18,LaD-356,48.87595,2.348273,4,20:00,21:00,1:00
,05/06/18,LaD-357,48.854008,2.402556,9,19:00,20:00,1:00
,05/06/18,LaD-358,48.869562,2.400298,6,19:00,20:00,1:00
,05/06/18,LaD-359,48.867012,2.362626,4,13:00,14:00,1:00
,05/06/18,LaD-360,48.886619,2.349496,3,11:00,12:00,1:00
,05/06/18,LaD-361,48.839407,2.394399,1,10:00,11:00,1:00
,05/06/18,LaD-362,48.900532,2.352149,8,9:00,10:00,1:00
,05/06/18,LaD-363,48.88494,2.373894,16,10:00,11:00,1:00
,05/06/18,LaD-364,48.861729,2.351762,1,11:00,12:00,1:00
,05/06/18,LaD-365,48.849339,2.397313,1,12:00,13:00,1:00
,05/06/18,LaD-366,48.880297,2.35946,1,14:00,15:00,1:00
,05/06/18,LaD-367,48.865131,2.358003,4,14:00,15:00,1:00
,05/06/18,LaD-368,48.883852,2.336159,6,12:00,13:00,1:00
,05/06/18,LaD-369,48.889411,2.340098,7,20:00,21:00,1:00
,05/06/18,LaD-370,48.889369,2.34454,6,20:00,21:00,1:00
,05/06/18,LaD-371,48.8597,2.346762,3,19:00,20:00,1:00
,05/06/18,LaD-372,48.853451,2.35115,13,21:00,22:00,1:00
,05/06/18,LaD-373,48.859108,2.345476,6,18:00,19:00,1:00
,05/06/18,LaD-374,48.865527,2.376871,5,20:00,21:00,1:00
,05/06/18,LaD-375,48.872733,2.407961,6,17:00,18:00,1:00
,05/06/18,LaD-376,48.87582,2.383544,3,19:00,20:00,1:00
,05/06/18,LaD-377,48.87808,2.373454,4,20:00,21:00,1:00
,05/06/18,LaD-378,48.873632,2.389641,5,20:00,21:00,1:00
,05/06/18,LaD-379,48.868568,2.379803,4,8:00,9:00,1:00
,05/06/18,LaD-380,48.865628,2.32882,6,10:00,11:00,1:00
,05/06/18,LaD-381,48.857238,2.392744,1,10:00,11:00,1:00
,05/06/18,LaD-382,48.860741,2.351204,1,11:00,12:00,1:00
,05/06/18,LaD-383,48.883509,2.340709,5,10:00,11:00,1:00
,05/06/18,LaD-384,48.86971,2.359172,1,12:00,13:00,1:00
,05/06/18,LaD-385,48.87236,2.388158,1,13:00,14:00,1:00
,05/06/18,LaD-386,48.862102,2.401584,6,12:00,13:00,1:00
,05/06/18,LaD-387,48.836649,2.401378,5,15:00,16:00,1:00
,05/06/18,LaD-388,48.864498,2.375117,7,16:00,17:00,1:00
,05/06/18,LaD-389,48.892627,2.359748,4,11:00,12:00,1:00
,05/06/18,LaD-390,48.875252,2.35089,4,12:00,13:00,1:00
,05/06/18,LaD-391,48.886791,2.381287,3,12:00,13:00,1:00
,05/06/18,LaD-392,48.866338,2.373723,24,11:00,12:00,1:00
,05/06/18,LaD-393,48.898859,2.37858,7,12:00,13:00,1:00
,05/06/18,LaD-394,48.853972,2.394498,2,11:00,12:00,1:00
,05/06/18,LaD-395,48.841,2.404714,15,12:00,13:00,1:00
,05/06/18,LaD-396,48.893869,2.345071,7,17:00,18:00,1:00
,05/06/18,LaD-397,48.889789,2.342301,3,20:00,21:00,1:00
,05/06/18,LaD-398,48.868663,2.401117,1,18:00,19:00,1:00
,05/06/18,LaD-399,48.865013,2.374713,1,20:00,21:00,1:00
,05/06/18,LaD-400,48.882379,2.363921,3,19:00,20:00,1:00
,05/06/18,LaD-401,48.878352,2.356573,7,20:00,21:00,1:00
,05/06/18,LaD-402,48.878109,2.339594,4,20:00,21:00,1:00
,05/06/18,LaD-403,48.866119,2.335421,4,12:00,13:00,1:00
,05/06/18,LaD-404,48.858528,2.38733,6,8:00,9:00,1:00
,05/06/18,LaD-405,48.856812,2.390739,1,12:00,13:00,1:00
,05/06/18,LaD-406,48.840852,2.405469,1,13:00,14:00,1:00
,05/06/18,LaD-407,48.890658,2.34419,4,7:00,8:00,1:00
,05/06/18,LaD-408,48.889671,2.33981,6,7:00,8:00,1:00
,05/06/18,LaD-409,48.896748,2.345332,5,11:00,12:00,1:00
,05/06/18,LaD-410,48.894738,2.328748,8,11:00,12:00,1:00
,05/06/18,LaD-411,48.874791,2.397933,10,9:00,10:00,1:00
,05/06/18,LaD-412,48.861061,2.368849,1,11:00,12:00,1:00
,05/06/18,LaD-413,48.851789,2.398221,1,11:00,12:00,1:00
,05/06/18,LaD-414,48.85596,2.392411,1,11:00,12:00,1:00
,05/06/18,LaD-415,48.84419,2.411126,1,12:00,13:00,1:00
,05/06/18,LaD-416,48.853469,2.403068,6,12:00,13:00,1:00
,05/06/18,LaD-417,48.849942,2.391089,5,11:00,12:00,1:00
,05/06/18,LaD-418,48.873667,2.397888,4,16:00,17:00,1:00
,05/06/18,LaD-419,48.88902,2.359379,3,11:00,12:00,1:00
,05/06/18,LaD-420,48.86987,2.366826,4,11:00,12:00,1:00
,05/06/18,LaD-421,48.847332,2.404561,7,11:00,12:00,1:00
,05/06/18,LaD-422,48.839609,2.387411,1,19:00,20:00,1:00
,05/06/18,LaD-423,48.873271,2.358021,1,16:00,17:00,1:00
,05/06/18,LaD-424,48.85325,2.374964,1,20:00,21:00,1:00
,05/06/18,LaD-425,48.84925,2.379713,1,20:00,21:00,1:00
,05/06/18,LaD-426,48.879487,2.333749,4,17:00,18:00,1:00
,05/06/18,LaD-427,48.861321,2.35839,3,20:00,21:00,1:00
,05/06/18,LaD-428,48.866149,2.347077,3,17:00,18:00,1:00
,05/06/18,LaD-429,48.867308,2.344001,3,19:00,20:00,1:00
,05/06/18,LaD-430,48.855457,2.389264,5,18:00,19:00,1:00
,05/06/18,LaD-431,48.837762,2.401971,1,19:00,20:00,1:00
,05/06/18,LaD-432,48.869071,2.364487,1,20:00,21:00,1:00
,05/06/18,LaD-433,48.864628,2.40564,4,20:00,21:00,1:00
,05/06/18,LaD-434,48.847883,2.391638,6,7:00,8:00,1:00
,05/06/18,LaD-435,48.862912,2.364712,5,11:00,12:00,1:00
,05/06/18,LaD-436,48.864131,2.364002,2,7:00,8:00,1:00
,05/06/18,LaD-437,48.892509,2.330133,3,8:00,9:00,1:00
,05/06/18,LaD-438,48.874229,2.363543,5,11:00,12:00,1:00
,05/06/18,LaD-439,48.85899,2.357023,1,11:00,12:00,1:00
,05/06/18,LaD-440,48.852558,2.383913,6,13:00,14:00,1:00
,05/06/18,LaD-441,48.868432,2.341878,4,11:00,12:00,1:00
,05/06/18,LaD-442,48.891492,2.336599,6,13:00,14:00,1:00
,05/06/18,LaD-443,48.874058,2.376682,4,11:00,12:00,1:00
,05/06/18,LaD-444,48.887022,2.347652,3,11:00,12:00,1:00
,05/06/18,LaD-445,48.873638,2.354901,8,11:00,12:00,1:00
,05/06/18,LaD-446,48.860641,2.383967,5,11:00,12:00,1:00
,05/06/18,LaD-447,48.832807,2.396233,1,18:00,19:00,1:00
,05/06/18,LaD-448,48.858339,2.379191,1,17:00,18:00,1:00
,05/06/18,LaD-449,48.858339,2.379191,1,17:00,18:00,1:00
,05/06/18,LaD-450,48.848451,2.374209,1,21:00,22:00,1:00
,05/06/18,LaD-451,48.878902,2.346843,12,19:00,20:00,1:00
,05/06/18,LaD-452,48.865409,2.363723,2,20:00,21:00,1:00
,05/06/18,LaD-453,48.864569,2.406782,6,20:00,21:00,1:00
,05/06/18,LaD-454,48.843651,2.405407,1,21:00,22:00,1:00
,05/06/18,LaD-455,48.86393,2.348821,2,20:00,21:00,1:00
,05/06/18,LaD-456,48.876429,2.356582,4,20:00,21:00,1:00
,05/06/18,LaD-457,48.878843,2.328299,5,20:00,21:00,1:00
,05/06/18,LaD-458,48.878582,2.366169,3,20:00,21:00,1:00
,05/06/18,LaD-459,48.85654,2.385657,7,8:00,9:00,1:00
,05/06/18,LaD-460,48.86041,2.374803,6,10:00,11:00,1:00
,05/06/18,LaD-461,48.85925,2.382096,4,11:00,12:00,1:00
,05/06/18,LaD-462,48.877991,2.346528,5,10:00,11:00,1:00
,05/06/18,LaD-463,48.844048,2.377617,1,9:00,10:00,1:00
,05/06/18,LaD-464,48.891019,2.370189,6,9:00,10:00,1:00
,05/06/18,LaD-465,48.890203,2.340296,5,13:00,14:00,1:00
,05/06/18,LaD-466,48.895199,2.37572,3,7:00,8:00,1:00
,05/06/18,LaD-467,48.84938,2.368256,4,11:00,12:00,1:00
,05/06/18,LaD-468,48.86574,2.360746,7,12:00,13:00,1:00
,05/06/18,LaD-469,48.883189,2.341276,4,13:00,14:00,1:00
,05/06/18,LaD-470,48.879611,2.378966,3,11:00,12:00,1:00
,05/06/18,LaD-471,48.871692,2.403023,5,12:00,13:00,1:00
,05/06/18,LaD-472,48.85083,2.372878,1,15:00,16:00,1:00
,05/06/18,LaD-473,48.855599,2.374551,1,20:00,21:00,1:00
,05/06/18,LaD-474,48.846948,2.390604,1,21:00,22:00,1:00
,05/06/18,LaD-475,48.876932,2.334468,3,18:00,19:00,1:00
,05/06/18,LaD-476,48.881279,2.349064,4,19:00,20:00,1:00
,05/06/18,LaD-477,48.852877,2.392591,5,18:00,19:00,1:00
,05/06/18,LaD-478,48.855617,2.380918,3,19:00,20:00,1:00
,05/06/18,LaD-479,48.858422,2.381736,5,21:00,22:00,1:00
,05/06/18,LaD-480,48.884828,2.392402,4,18:00,19:00,1:00
,05/06/18,LaD-481,48.873732,2.402852,6,19:00,20:00,1:00
,05/06/18,LaD-482,48.873762,2.402834,5,19:00,20:00,1:00
,05/06/18,LaD-483,48.87834,2.366709,4,19:00,20:00,1:00
,05/06/18,LaD-484,48.86884,2.400038,5,19:00,20:00,1:00
,05/06/18,LaD-485,48.872922,2.35803,9,19:00,20:00,1:00
,05/06/18,LaD-486,48.870988,2.357491,3,19:00,20:00,1:00
,05/06/18,LaD-487,48.866509,2.369784,2,8:00,9:00,1:00
,05/06/18,LaD-488,48.8785,2.384093,2,9:00,10:00,1:00
,05/06/18,LaD-489,48.87805,2.391314,3,10:00,11:00,1:00
,05/06/18,LaD-490,48.875252,2.35089,3,13:00,14:00,1:00
,05/06/18,LaD-491,48.8557,2.390837,3,8:00,9:00,1:00
,05/06/18,LaD-492,48.868077,2.363651,10,9:00,10:00,1:00
,05/06/18,LaD-493,48.879771,2.362266,5,9:00,10:00,1:00
,05/06/18,LaD-494,48.857162,2.398419,1,12:00,13:00,1:00
,05/06/18,LaD-495,48.861611,2.341672,6,8:00,9:00,1:00
,05/06/18,LaD-496,48.85186,2.390073,1,11:00,12:00,1:00
,05/06/18,LaD-497,48.885289,2.340844,1,14:00,15:00,1:00
,05/06/18,LaD-498,48.867379,2.394651,7,11:00,12:00,1:00
,05/06/18,LaD-499,48.873259,2.34338,4,11:00,12:00,1:00
,05/06/18,LaD-500,48.890363,2.347742,3,12:00,13:00,1:00
,05/06/18,LaD-501,48.868231,2.38635,4,11:00,12:00,1:00
,05/06/18,LaD-502,48.88287,2.341824,4,18:00,19:00,1:00
,05/06/18,LaD-503,48.874679,2.392717,4,21:00,22:00,1:00
,05/06/18,LaD-504,48.856889,2.384668,5,19:00,20:00,1:00
,05/06/18,LaD-505,48.839259,2.404291,1,19:00,20:00,1:00
,05/06/18,LaD-506,48.874779,2.35723,1,21:00,22:00,1:00
,05/06/18,LaD-507,48.876228,2.362194,1,21:00,22:00,1:00
,05/06/18,LaD-508,48.859292,2.410668,8,19:00,20:00,1:00
,05/06/18,LaD-509,48.873082,2.400532,3,20:00,21:00,1:00
,05/06/18,LaD-510,48.870189,2.354721,1,7:00,8:00,1:00
,05/06/18,LaD-511,48.858392,2.344468,1,7:00,8:00,1:00
,05/06/18,LaD-512,48.837442,2.391764,1,8:00,9:00,1:00
,05/06/18,LaD-513,48.869929,2.356124,1,7:00,8:00,1:00
,05/06/18,LaD-514,48.885419,2.370531,3,11:00,12:00,1:00
,05/06/18,LaD-515,48.8498,2.386638,11,11:00,12:00,1:00
,05/06/18,LaD-516,48.842491,2.392429,5,13:00,14:00,1:00
,05/06/18,LaD-517,48.881232,2.346438,1,11:00,12:00,1:00
,05/06/18,LaD-518,48.86968,2.326734,5,11:00,12:00,1:00
,05/06/18,LaD-519,48.858398,2.36848,5,14:00,15:00,1:00
,05/06/18,LaD-520,48.868379,2.378112,7,11:00,12:00,1:00
,05/06/18,LaD-521,48.896062,2.380243,6,12:00,13:00,1:00
,05/06/18,LaD-522,48.878151,2.352634,5,18:00,19:00,1:00
,05/06/18,LaD-523,48.8487,2.393886,3,20:00,21:00,1:00
,05/06/18,LaD-524,48.867202,2.399156,1,18:00,19:00,1:00
,05/06/18,LaD-525,48.871212,2.36009,4,18:00,19:00,1:00
,05/06/18,LaD-526,48.866438,2.376619,3,18:00,19:00,1:00
,05/06/18,LaD-527,48.859221,2.408896,2,19:00,20:00,1:00
,05/06/18,LaD-528,48.850901,2.39644,4,21:00,22:00,1:00
,05/06/18,LaD-529,48.873377,2.34901,4,20:00,21:00,1:00
,05/06/18,LaD-530,48.887571,2.347796,4,20:00,21:00,1:00
,05/06/18,LaD-531,48.877281,2.363174,7,20:00,21:00,1:00
,06/06/18,LaD-532,48.882959,2.35008,4,7:00,8:00,1:00
,06/06/18,LaD-533,48.844569,2.376493,6,9:00,10:00,1:00
,06/06/18,LaD-534,48.83714,2.408122,6,9:00,10:00,1:00
,06/06/18,LaD-535,48.87763,2.38939,5,11:00,12:00,1:00
,06/06/18,LaD-536,48.867841,2.39108,6,15:00,16:00,1:00
,06/06/18,LaD-537,48.873153,2.401396,5,15:00,16:00,1:00
,06/06/18,LaD-538,48.850439,2.38644,8,13:00,14:00,1:00
,06/06/18,LaD-539,48.865391,2.335116,12,14:00,15:00,1:00
,06/06/18,LaD-540,48.834258,2.404309,3,13:00,14:00,1:00
,06/06/18,LaD-541,48.865539,2.355917,5,14:00,15:00,1:00
,06/06/18,LaD-542,48.85554,2.398752,4,11:00,12:00,1:00
,06/06/18,LaD-543,48.870307,2.339261,1,12:00,13:00,1:00
,06/06/18,LaD-544,48.863717,2.401081,3,15:00,16:00,1:00
,06/06/18,LaD-545,48.839893,2.391467,7,18:00,19:00,1:00
,06/06/18,LaD-546,48.836992,2.393544,4,18:00,19:00,1:00
,06/06/18,LaD-547,48.845782,2.410146,7,20:00,21:00,1:00
,06/06/18,LaD-548,48.840869,2.4052,4,20:00,21:00,1:00
,06/06/18,LaD-549,48.893721,2.362473,8,19:00,20:00,1:00
,06/06/18,LaD-550,48.886282,2.391926,1,18:00,19:00,1:00
,06/06/18,LaD-551,48.884331,2.37277,7,20:00,21:00,1:00
,06/06/18,LaD-552,48.85151,2.375216,1,18:00,19:00,1:00
,06/06/18,LaD-553,48.873099,2.354613,1,20:00,22:00,2:00
,06/06/18,LaD-554,48.879221,2.377788,1,19:00,20:00,1:00
,06/06/18,LaD-555,48.872721,2.351771,4,20:00,21:00,1:00
,06/06/18,LaD-556,48.886081,2.373301,2,18:00,19:00,1:00
,06/06/18,LaD-557,48.885301,2.371718,6,19:00,20:00,1:00
,06/06/18,LaD-558,48.888571,2.336977,6,20:00,21:00,1:00
,06/06/18,LaD-559,48.87653,2.342562,3,9:00,10:00,1:00
,06/06/18,LaD-560,48.89274,2.339666,4,10:00,11:00,1:00
,06/06/18,LaD-561,48.868917,2.409094,11,11:00,12:00,1:00
,06/06/18,LaD-562,48.822352,2.445049,2,9:00,10:00,1:00
,06/06/18,LaD-563,48.850469,2.388122,6,13:00,14:00,1:00
,06/06/18,LaD-564,48.879422,2.351204,7,17:00,18:00,1:00
,06/06/18,LaD-565,48.895578,2.37956,1,12:00,13:00,1:00
,06/06/18,LaD-566,48.850439,2.381592,2,11:00,12:00,1:00
,06/06/18,LaD-567,48.885301,2.371718,3,13:00,14:00,1:00
,06/06/18,LaD-568,48.894371,2.336932,4,15:00,16:00,1:00
,06/06/18,LaD-569,48.855238,2.384461,3,20:00,21:00,1:00
,06/06/18,LaD-570,48.886123,2.383184,5,17:00,18:00,1:00
,06/06/18,LaD-571,48.87168,2.355593,6,18:00,19:00,1:00
,06/06/18,LaD-572,48.884349,2.376286,5,18:00,19:00,1:00
,06/06/18,LaD-573,48.863901,2.369856,3,20:00,21:00,1:00
,06/06/18,LaD-574,48.860871,2.342472,4,8:00,9:00,1:00
,06/06/18,LaD-575,48.87417,2.331284,2,8:00,9:00,1:00
,06/06/18,LaD-576,48.893242,2.336923,4,9:00,10:00,1:00
,06/06/18,LaD-577,48.876063,2.397888,4,12:00,13:00,1:00
,06/06/18,LaD-578,48.870432,2.361933,4,10:00,11:00,1:00
,06/06/18,LaD-579,48.895779,2.359298,6,12:00,13:00,1:00
,06/06/18,LaD-580,48.879629,2.343398,4,16:00,17:00,1:00
,06/06/18,LaD-581,48.892018,2.362464,1,11:00,12:00,1:00
,06/06/18,LaD-582,48.885768,2.345404,5,12:00,13:00,1:00
,06/06/18,LaD-583,48.86138,2.364182,3,15:00,16:00,1:00
,06/06/18,LaD-584,48.86235,2.364649,4,11:00,12:00,1:00
,06/06/18,LaD-585,48.872733,2.401647,4,12:00,13:00,1:00
,06/06/18,LaD-586,48.84232,2.409597,7,11:00,12:00,1:00
,06/06/18,LaD-587,48.846119,2.406,4,11:00,12:00,1:00
,06/06/18,LaD-588,48.881049,2.336932,5,11:00,12:00,1:00
,06/06/18,LaD-589,48.895371,2.362302,3,15:00,16:00,1:00
,06/06/18,LaD-590,48.85928,2.386179,4,20:00,21:00,1:00
,06/06/18,LaD-591,48.866089,2.381619,5,21:00,22:00,1:00
,06/06/18,LaD-592,48.85225,2.390001,2,18:00,19:00,1:00
,06/06/18,LaD-593,48.849268,2.389453,6,21:00,22:00,1:00
,06/06/18,LaD-594,48.886791,2.381287,5,18:00,19:00,1:00
,06/06/18,LaD-595,48.871721,2.404138,5,19:00,20:00,1:00
,06/06/18,LaD-596,48.8628,2.349091,1,17:00,18:00,1:00
,06/06/18,LaD-597,48.860209,2.347841,9,21:00,22:00,1:00
,06/06/18,LaD-598,48.887359,2.38778,4,18:00,19:00,1:00
,06/06/18,LaD-599,48.88426,2.342427,4,19:00,20:00,1:00
,06/06/18,LaD-600,48.887749,2.352508,4,19:00,20:00,1:00
,06/06/18,LaD-601,48.873922,2.370837,4,11:00,12:00,1:00
,06/06/18,LaD-602,48.83572,2.384803,10,7:00,8:00,1:00
,06/06/18,LaD-603,48.848788,2.364604,4,10:00,11:00,1:00
,06/06/18,LaD-604,48.84896,2.374578,1,11:00,12:00,1:00
,06/06/18,LaD-605,48.876151,2.351123,11,9:00,10:00,1:00
,06/06/18,LaD-606,48.864409,2.385918,5,10:00,11:00,1:00
,06/06/18,LaD-607,48.881711,2.341222,4,13:00,14:00,1:00
,06/06/18,LaD-608,48.852398,2.390793,1,11:00,12:00,1:00
,06/06/18,LaD-609,48.883408,2.364047,4,16:00,17:00,1:00
,06/06/18,LaD-610,48.872212,2.350071,1,11:00,12:00,1:00
,06/06/18,LaD-611,48.860398,2.361592,2,11:00,12:00,1:00
,06/06/18,LaD-612,48.869118,2.346159,5,11:00,12:00,1:00
,06/06/18,LaD-613,48.867988,2.395514,5,11:00,12:00,1:00
,06/06/18,LaD-614,48.880688,2.373984,3,12:00,13:00,1:00
,06/06/18,LaD-615,48.866042,2.342067,5,13:00,14:00,1:00
,06/06/18,LaD-616,48.881451,2.346492,4,13:00,14:00,1:00
,06/06/18,LaD-617,48.864303,2.383094,3,21:00,22:00,1:00
,06/06/18,LaD-618,48.838117,2.392519,5,15:00,16:00,1:00
,06/06/18,LaD-619,48.852747,2.398859,6,20:00,21:00,1:00
,06/06/18,LaD-620,48.8742,2.357014,7,18:00,19:00,1:00
,06/06/18,LaD-621,48.872401,2.393544,4,20:00,21:00,1:00
,06/06/18,LaD-622,48.886152,2.389866,5,18:00,19:00,1:00
,06/06/18,LaD-623,48.877169,2.351366,6,20:00,21:00,1:00
,06/06/18,LaD-624,48.892249,2.36116,8,21:00,22:00,1:00
,06/06/18,LaD-625,48.891882,2.379956,5,19:00,20:00,1:00
,06/06/18,LaD-626,48.894501,2.34463,7,10:00,11:00,1:00
,06/06/18,LaD-627,48.869568,2.357886,5,11:00,12:00,1:00
,06/06/18,LaD-628,48.86548,2.374398,6,7:00,8:00,1:00
,06/06/18,LaD-629,48.84213,2.386053,7,10:00,11:00,1:00
,06/06/18,LaD-630,48.862191,2.360557,5,11:00,12:00,1:00
,06/06/18,LaD-631,48.892332,2.375333,3,9:00,10:00,1:00
,06/06/18,LaD-632,48.871579,2.375936,3,9:00,10:00,1:00
,06/06/18,LaD-633,48.868462,2.379659,7,9:00,10:00,1:00
,06/06/18,LaD-634,48.863682,2.346447,3,12:00,13:00,1:00
,06/06/18,LaD-635,48.882799,2.333263,1,13:00,14:00,1:00
,06/06/18,LaD-636,48.88355,2.333838,10,13:00,14:00,1:00
,06/06/18,LaD-637,48.898788,2.344154,5,12:00,13:00,1:00
,06/06/18,LaD-638,48.858582,2.362689,7,11:00,12:00,1:00
,06/06/18,LaD-639,48.850428,2.374011,4,11:00,12:00,1:00
,06/06/18,LaD-640,48.858061,2.359964,4,12:00,13:00,1:00
,06/06/18,LaD-641,48.889529,2.335853,4,15:00,16:00,1:00
,06/06/18,LaD-642,48.893561,2.384758,5,11:00,12:00,1:00
,06/06/18,LaD-643,48.886442,2.380432,5,13:00,14:00,1:00
,06/06/18,LaD-644,48.878281,2.395703,5,11:00,12:00,1:00
,06/06/18,LaD-645,48.86538,2.373939,4,11:00,12:00,1:00
,06/06/18,LaD-646,48.86981,2.378247,5,11:00,12:00,1:00
,06/06/18,LaD-647,48.875099,2.338641,6,11:00,12:00,1:00
,06/06/18,LaD-648,48.866722,2.336959,3,12:00,13:00,1:00
,06/06/18,LaD-649,48.855582,2.396764,3,19:00,20:00,1:00
,06/06/18,LaD-650,48.856759,2.374308,6,19:00,20:00,1:00
,06/06/18,LaD-651,48.85009,2.390954,1,21:00,22:00,1:00
,06/06/18,LaD-652,48.876577,2.357572,5,18:00,19:00,1:00
,06/06/18,LaD-653,48.899568,2.374056,14,21:00,22:00,1:00
,06/06/18,LaD-654,48.869568,2.334072,1,20:00,21:00,1:00
,06/06/18,LaD-655,48.866492,2.331383,1,20:00,21:00,1:00
,06/06/18,LaD-656,48.888252,2.376107,5,19:00,20:00,1:00
,06/06/18,LaD-657,48.886968,2.36795,6,19:00,20:00,1:00
,06/06/18,LaD-658,48.895258,2.337238,2,20:00,21:00,1:00
,06/06/18,LaD-659,48.890238,2.345692,5,7:00,8:00,1:00
,06/06/18,LaD-660,48.876772,2.34874,4,9:00,10:00,1:00
,06/06/18,LaD-661,48.890788,2.378274,2,10:00,11:00,1:00
,06/06/18,LaD-662,48.886123,2.390244,7,10:00,11:00,1:00
,06/06/18,LaD-663,48.870378,2.380064,3,12:00,13:00,1:00
,06/06/18,LaD-664,48.885407,2.385514,5,11:00,12:00,1:00
,06/06/18,LaD-665,48.8764,2.402358,3,11:00,12:00,1:00
,06/06/18,LaD-666,48.84332,2.387411,4,11:00,12:00,1:00
,06/06/18,LaD-667,48.845391,2.39278,4,11:00,12:00,1:00
,06/06/18,LaD-668,48.836329,2.397474,6,12:00,13:00,1:00
,06/06/18,LaD-669,48.87181,2.345179,7,14:00,15:00,1:00
,06/06/18,LaD-670,48.879109,2.335583,6,12:00,13:00,1:00
,06/06/18,LaD-671,48.878973,2.336923,5,13:00,14:00,1:00
,06/06/18,LaD-672,48.868438,2.370018,4,18:00,19:00,1:00
,06/06/18,LaD-673,48.870361,2.372114,9,19:00,20:00,1:00
,06/06/18,LaD-674,48.880759,2.344073,4,20:00,21:00,1:00
,06/06/18,LaD-675,48.885898,2.393643,6,19:00,20:00,1:00
,06/06/18,LaD-676,48.875921,2.329306,1,19:00,20:00,1:00
,06/06/18,LaD-677,48.871561,2.386044,4,20:00,21:00,1:00
,06/06/18,LaD-678,48.882379,2.363921,6,18:00,19:00,1:00
,06/06/18,LaD-679,48.880203,2.343434,4,18:00,19:00,1:00
,06/06/18,LaD-680,48.888281,2.392016,2,19:00,20:00,1:00
,06/06/18,LaD-681,48.88303,2.379902,4,8:00,9:00,1:00
,06/06/18,LaD-682,48.8557,2.37483,3,10:00,11:00,1:00
,06/06/18,LaD-683,48.875607,2.388086,4,9:00,10:00,1:00
,06/06/18,LaD-684,48.861203,2.388059,4,9:00,10:00,1:00
,06/06/18,LaD-685,48.858398,2.387213,6,11:00,12:00,1:00
,06/06/18,LaD-686,48.878973,2.396126,4,14:00,15:00,1:00
,06/06/18,LaD-687,48.876642,2.379308,7,11:00,12:00,1:00
,06/06/18,LaD-688,48.849522,2.364029,7,14:00,15:00,1:00
,06/06/18,LaD-689,48.885407,2.385514,3,11:00,12:00,1:00
,06/06/18,LaD-690,48.862623,2.381916,8,15:00,16:00,1:00
,06/06/18,LaD-691,48.863557,2.352706,7,16:00,17:00,1:00
,06/06/18,LaD-692,48.877281,2.406477,4,11:00,12:00,1:00
,06/06/18,LaD-693,48.886868,2.389776,5,15:00,16:00,1:00
,06/06/18,LaD-694,48.854759,2.405478,9,16:00,17:00,1:00
,06/06/18,LaD-695,48.861351,2.381826,5,20:00,21:00,1:00
,06/06/18,LaD-696,48.874821,2.346762,7,20:00,21:00,1:00
,06/06/18,LaD-697,48.887169,2.395253,3,18:00,19:00,1:00
,06/06/18,LaD-698,48.874619,2.330862,1,19:00,20:00,1:00
,06/06/18,LaD-699,48.851842,2.373822,6,8:00,9:00,1:00
,06/06/18,LaD-700,48.861291,2.408051,8,13:00,14:00,1:00
,06/06/18,LaD-701,48.887642,2.382321,14,8:00,9:00,1:00
,06/06/18,LaD-702,48.877311,2.37643,7,11:00,12:00,1:00
,06/06/18,LaD-703,48.884431,2.366034,7,11:00,12:00,1:00
,06/06/18,LaD-704,48.851623,2.364254,7,12:00,13:00,1:00
,06/06/18,LaD-705,48.87068,2.32802,4,15:00,16:00,1:00
,06/06/18,LaD-706,48.87084,2.349667,4,12:00,13:00,1:00
,06/06/18,LaD-707,48.863173,2.404282,5,11:00,12:00,1:00
,06/06/18,LaD-708,48.890179,2.350899,6,12:00,13:00,1:00
,06/06/18,LaD-709,48.892089,2.375189,3,13:00,14:00,1:00
,06/06/18,LaD-710,48.839763,2.403968,4,17:00,18:00,1:00
,06/06/18,LaD-711,48.858718,2.386134,5,19:00,20:00,1:00
,06/06/18,LaD-712,48.865332,2.35348,2,21:00,22:00,1:00
,06/06/18,LaD-713,48.880552,2.397906,4,17:00,18:00,1:00
,06/06/18,LaD-714,48.869852,2.349721,7,18:00,19:00,1:00
,06/06/18,LaD-715,48.87705,2.339288,1,20:00,21:00,1:00
,06/06/18,LaD-716,48.868852,2.352787,6,20:00,21:00,1:00
,06/06/18,LaD-717,48.88287,2.331797,5,21:00,22:00,1:00
,06/06/18,LaD-718,48.887299,2.378706,6,20:00,21:00,1:00
,07/06/18,LaD-719,48.893248,2.362212,4,6:00,7:00,1:00
,07/06/18,LaD-720,48.85586,2.354667,2,8:00,9:00,1:00
,07/06/18,LaD-721,48.85702,2.376233,3,11:00,12:00,1:00
,07/06/18,LaD-722,48.855582,2.371277,5,12:00,13:00,1:00
,07/06/18,LaD-723,48.889428,2.326257,2,14:00,15:00,1:00
,07/06/18,LaD-724,48.86283,2.353956,1,12:00,13:00,1:00
,07/06/18,LaD-725,48.890351,2.353579,10,16:00,17:00,1:00
,07/06/18,LaD-726,48.847912,2.391863,6,11:00,12:00,1:00
,07/06/18,LaD-727,48.867722,2.360162,2,11:00,12:00,1:00
,07/06/18,LaD-728,48.87973,2.374344,6,12:00,13:00,1:00
,07/06/18,LaD-729,48.885011,2.3533,2,11:00,12:00,1:00
,07/06/18,LaD-730,48.87679,2.336159,9,14:00,15:00,1:00
,07/06/18,LaD-731,48.873608,2.351951,3,21:00,22:00,1:00
,07/06/18,LaD-732,48.853789,2.402718,2,17:00,18:00,1:00
,07/06/18,LaD-733,48.8764,2.36777,4,19:00,20:00,1:00
,07/06/18,LaD-734,48.881977,2.36321,3,19:00,20:00,1:00
,07/06/18,LaD-735,48.881758,2.366367,3,20:00,21:00,1:00
,07/06/18,LaD-736,48.889671,2.333847,6,20:00,21:00,1:00
,07/06/18,LaD-737,48.857771,2.35455,2,12:00,13:00,1:00
,07/06/18,LaD-738,48.866178,2.347121,5,16:00,17:00,1:00
,07/06/18,LaD-739,48.885247,2.344666,5,17:00,18:00,1:00
,07/06/18,LaD-740,48.858789,2.353543,1,11:00,12:00,1:00
,07/06/18,LaD-741,48.859049,2.355458,1,11:00,12:00,1:00
,07/06/18,LaD-742,48.852889,2.396989,8,12:00,13:00,1:00
,07/06/18,LaD-743,48.850789,2.395289,11,12:00,13:00,1:00
,07/06/18,LaD-744,48.855907,2.355476,4,13:00,14:00,1:00
,07/06/18,LaD-745,48.869041,2.402601,8,14:00,15:00,1:00
,07/06/18,LaD-746,48.856558,2.379218,3,11:00,12:00,1:00
,07/06/18,LaD-747,48.836608,2.398563,4,21:00,22:00,1:00
,07/06/18,LaD-748,48.86099,2.360962,6,20:00,21:00,1:00
,07/06/18,LaD-749,48.872549,2.371358,4,19:00,20:00,1:00
,07/06/18,LaD-750,48.843758,2.409453,10,19:00,20:00,1:00
,07/06/18,LaD-751,48.842467,2.400577,8,19:00,20:00,1:00
,07/06/18,LaD-752,48.837839,2.404453,3,20:00,21:00,1:00
,07/06/18,LaD-753,48.86929,2.357077,3,19:00,20:00,1:00
,07/06/18,LaD-754,48.868249,2.374056,2,19:00,20:00,1:00
,07/06/18,LaD-755,48.864179,2.334477,4,10:00,11:00,1:00
,07/06/18,LaD-756,48.891202,2.343272,3,17:00,18:00,1:00
,07/06/18,LaD-757,48.894768,2.345593,4,17:00,18:00,1:00
,07/06/18,LaD-758,48.856073,2.39885,5,11:00,12:00,1:00
,07/06/18,LaD-759,48.879292,2.364964,11,11:00,12:00,1:00
,07/06/18,LaD-760,48.871763,2.347931,3,14:00,15:00,1:00
,07/06/18,LaD-761,48.847551,2.367419,3,19:00,20:00,1:00
,07/06/18,LaD-762,48.84303,2.404489,1,17:00,18:00,1:00
,07/06/18,LaD-763,48.83588,2.384236,10,18:00,19:00,1:00
,07/06/18,LaD-764,48.835341,2.385298,7,19:00,20:00,1:00
,07/06/18,LaD-765,48.880203,2.366799,3,20:00,21:00,1:00
,07/06/18,LaD-766,48.873271,2.409894,5,18:00,19:00,1:00
,07/06/18,LaD-767,48.8862,2.363003,1,19:00,20:00,1:00
,07/06/18,LaD-768,48.885372,2.361259,1,19:00,20:00,1:00
,07/06/18,LaD-769,48.860049,2.380441,5,20:00,21:00,1:00
,07/06/18,LaD-770,48.87747,2.369784,4,19:00,20:00,1:00
,07/06/18,LaD-771,48.859818,2.374398,7,19:00,20:00,1:00
,07/06/18,LaD-772,48.836679,2.397376,4,7:00,8:00,1:00
,07/06/18,LaD-773,48.878358,2.358291,3,8:00,9:00,1:00
,07/06/18,LaD-774,48.858428,2.355233,6,9:00,10:00,1:00
,07/06/18,LaD-775,48.888281,2.37608,8,12:00,13:00,1:00
,07/06/18,LaD-776,48.846889,2.36956,8,11:00,12:00,1:00
,07/06/18,LaD-777,48.870402,2.357536,3,15:00,16:00,1:00
,07/06/18,LaD-778,48.873833,2.389731,15,16:00,17:00,1:00
,07/06/18,LaD-779,48.876382,2.368714,1,14:00,15:00,1:00
,07/06/18,LaD-780,48.888801,2.341231,6,12:00,13:00,1:00
,07/06/18,LaD-781,48.88714,2.386871,1,11:00,12:00,1:00
,07/06/18,LaD-782,48.861108,2.40645,3,11:00,12:00,1:00
,07/06/18,LaD-783,48.887991,2.333803,1,13:00,14:00,1:00
,07/06/18,LaD-784,48.857363,2.356223,1,15:00,16:00,1:00
,07/06/18,LaD-785,48.85041,2.37518,4,17:00,18:00,1:00
,07/06/18,LaD-786,48.862007,2.340017,7,18:00,19:00,1:00
,07/06/18,LaD-787,48.87275,2.326608,10,19:00,20:00,1:00
,07/06/18,LaD-788,48.842971,2.402331,6,18:00,19:00,1:00
,07/06/18,LaD-789,48.89229,2.365216,5,20:00,21:00,1:00
,07/06/18,LaD-790,48.875199,2.335889,3,19:00,20:00,1:00
,07/06/18,LaD-791,48.882917,2.327741,4,19:00,20:00,1:00
,07/06/18,LaD-792,48.869568,2.3591,4,19:00,20:00,1:00
,07/06/18,LaD-793,48.898191,2.348156,4,20:00,21:00,1:00
,07/06/18,LaD-794,48.883249,2.387762,1,9:00,10:00,1:00
,07/06/18,LaD-795,48.842207,2.409561,5,19:00,20:00,1:00
,07/06/18,LaD-796,48.870213,2.361511,1,8:00,9:00,1:00
,07/06/18,LaD-797,48.873052,2.400307,1,19:00,20:00,1:00
,07/06/18,LaD-798,48.8841,2.336402,3,12:00,13:00,1:00
,07/06/18,LaD-799,48.884697,2.37349,4,19:00,20:00,1:00
,07/06/18,LaD-800,48.876441,2.377869,15,12:00,13:00,1:00
,07/06/18,LaD-801,48.873088,2.370063,3,19:00,20:00,1:00
,07/06/18,LaD-802,48.868207,2.373876,5,12:00,13:00,1:00
,07/06/18,LaD-803,48.874359,2.355287,6,20:00,21:00,1:00
,07/06/18,LaD-804,48.852558,2.383913,4,10:00,11:00,1:00
,07/06/18,LaD-805,48.880179,2.333991,3,20:00,21:00,1:00
,07/06/18,LaD-806,48.863948,2.345629,4,8:00,9:00,1:00
,07/06/18,LaD-807,48.869663,2.377159,6,18:00,19:00,1:00
,07/06/18,LaD-808,48.854008,2.376394,4,7:00,8:00,1:00
,07/06/18,LaD-809,48.843722,2.384749,3,11:00,12:00,1:00
,07/06/18,LaD-810,48.875489,2.403104,4,11:00,12:00,1:00
,07/06/18,LaD-811,48.864883,2.355116,1,20:00,21:00,1:00
,07/06/18,LaD-812,48.850428,2.391413,5,10:00,11:00,1:00
,07/06/18,LaD-813,48.847332,2.39591,5,19:00,20:00,1:00
,07/06/18,LaD-814,48.871792,2.401396,3,11:00,12:00,1:00
,07/06/18,LaD-815,48.861629,2.341537,4,20:00,21:00,1:00
,07/06/18,LaD-816,48.849427,2.390046,3,11:00,12:00,1:00
,07/06/18,LaD-817,48.856392,2.380423,1,19:00,20:00,1:00
,07/06/18,LaD-818,48.854789,2.356366,4,18:00,19:00,1:00
,07/06/18,LaD-819,48.86377,2.38072,4,11:00,12:00,1:00
,07/06/18,LaD-820,48.862918,2.36384,3,19:00,20:00,1:00
,07/06/18,LaD-821,48.861818,2.351762,7,9:00,10:00,1:00
,07/06/18,LaD-822,48.881711,2.35115,5,13:00,14:00,1:00
,07/06/18,LaD-823,48.894129,2.361637,6,20:00,21:00,1:00
,07/06/18,LaD-824,48.894472,2.351402,5,11:00,12:00,1:00
,07/06/18,LaD-825,48.868639,2.377896,1,14:00,15:00,1:00
,07/06/18,LaD-826,48.891137,2.365423,7,9:00,10:00,1:00
,07/06/18,LaD-827,48.88588,2.37072,1,8:00,9:00,1:00
,07/06/18,LaD-828,48.866539,2.347157,6,20:00,21:00,1:00
,07/06/18,LaD-829,48.878949,2.343057,3,8:00,9:00,1:00
,07/06/18,LaD-830,48.88798,2.347032,6,19:00,20:00,1:00
,07/06/18,LaD-831,48.879878,2.365351,3,19:00,20:00,1:00
,07/06/18,LaD-832,48.851889,2.3566,4,21:00,22:00,1:00
,07/06/18,LaD-833,48.873082,2.400532,5,21:00,22:00,1:00
,07/06/18,LaD-834,48.893839,2.334981,3,20:00,21:00,1:00
,07/06/18,LaD-835,48.879671,2.35303,3,18:00,19:00,1:00
,07/06/18,LaD-836,48.890623,2.343479,5,7:00,8:00,1:00
,07/06/18,LaD-837,48.87996,2.337652,6,9:00,10:00,1:00
,07/06/18,LaD-838,48.876968,2.385343,1,7:00,8:00,1:00
,07/06/18,LaD-839,48.8897,2.340233,2,19:00,21:00,2:00
,07/06/18,LaD-840,48.854653,2.387456,4,9:00,10:00,1:00
,07/06/18,LaD-841,48.851297,2.359739,1,16:00,17:00,1:00
,07/06/18,LaD-842,48.881468,2.336456,5,12:00,13:00,1:00
,07/06/18,LaD-843,48.861759,2.380504,4,12:00,13:00,1:00
,07/06/18,LaD-844,48.883042,2.334621,5,11:00,12:00,1:00
,07/06/18,LaD-845,48.877281,2.363174,1,13:00,14:00,1:00
,07/06/18,LaD-846,48.870923,2.364074,5,19:00,20:00,1:00
,07/06/18,LaD-847,48.886838,2.39385,4,14:00,15:00,1:00
,07/06/18,LaD-848,48.832428,2.399183,3,19:00,20:00,1:00
,07/06/18,LaD-849,48.876009,2.330286,8,11:00,12:00,1:00
,07/06/18,LaD-850,48.854398,2.371358,6,7:00,8:00,1:00
,07/06/18,LaD-851,48.879742,2.36545,8,18:00,19:00,1:00
,07/06/18,LaD-852,48.871828,2.333847,4,19:00,20:00,1:00
,07/06/18,LaD-853,48.881687,2.331653,6,13:00,14:00,1:00
,07/06/18,LaD-854,48.874341,2.355269,4,13:00,14:00,1:00
,07/06/18,LaD-855,48.8628,2.354406,6,11:00,12:00,1:00
,07/06/18,LaD-856,48.882302,2.393437,6,14:00,15:00,1:00
,07/06/18,LaD-857,48.846658,2.37009,3,20:00,21:00,1:00
,07/06/18,LaD-858,48.867639,2.387249,4,19:00,20:00,1:00
,07/06/18,LaD-859,48.883982,2.350872,8,7:00,9:00,2:00
,07/06/18,LaD-860,48.861581,2.349046,4,9:00,10:00,1:00
,07/06/18,LaD-861,48.86703,2.351384,5,9:00,10:00,1:00
,07/06/18,LaD-862,48.850599,2.379254,6,11:00,12:00,1:00
,07/06/18,LaD-863,48.874229,2.363543,8,16:00,17:00,1:00
,07/06/18,LaD-864,48.859232,2.349532,1,11:00,12:00,1:00
,07/06/18,LaD-865,48.8722,2.339261,1,12:00,13:00,1:00
,07/06/18,LaD-866,48.892822,2.343857,3,11:00,12:00,1:00
,07/06/18,LaD-867,48.890203,2.375081,11,12:00,13:00,1:00
,07/06/18,LaD-868,48.878162,2.34267,3,11:00,12:00,1:00
,07/06/18,LaD-869,48.891043,2.344504,3,11:00,12:00,1:00
,07/06/18,LaD-870,48.883408,2.372599,6,11:00,12:00,1:00
,07/06/18,LaD-871,48.840331,2.398823,1,11:00,12:00,1:00
,07/06/18,LaD-872,48.850871,2.39019,11,11:00,12:00,1:00
,07/06/18,LaD-873,48.872549,2.384272,1,12:00,13:00,1:00
,07/06/18,LaD-874,48.871272,2.39885,1,12:00,13:00,1:00
,07/06/18,LaD-875,48.86435,2.393329,5,11:00,12:00,1:00
,07/06/18,LaD-876,48.872768,2.408086,3,12:00,13:00,1:00
,07/06/18,LaD-877,48.887648,2.334378,4,11:00,12:00,1:00
,07/06/18,LaD-878,48.887861,2.35178,8,12:00,13:00,1:00
,07/06/18,LaD-879,48.885939,2.359379,11,11:00,12:00,1:00
,07/06/18,LaD-880,48.852617,2.355027,2,19:00,20:00,1:00
,07/06/18,LaD-881,48.878712,2.324297,1,15:00,16:00,1:00
,07/06/18,LaD-882,48.883,2.333101,5,20:00,21:00,1:00
,07/06/18,LaD-883,48.84693,2.408644,3,17:00,18:00,1:00
,07/06/18,LaD-884,48.857582,2.361016,4,18:00,19:00,1:00
,07/06/18,LaD-885,48.845012,2.383679,3,19:00,20:00,1:00
,07/06/18,LaD-886,48.877689,2.339477,5,18:00,19:00,1:00
,07/06/18,LaD-887,48.872342,2.37268,4,21:00,22:00,1:00
,07/06/18,LaD-888,48.843468,2.408051,6,19:00,20:00,1:00
,07/06/18,LaD-889,48.862569,2.386044,4,20:00,21:00,1:00
,07/06/18,LaD-890,48.884981,2.37,7,20:00,21:00,1:00
,07/06/18,LaD-891,48.883231,2.365513,3,19:00,20:00,1:00
,07/06/18,LaD-892,48.844569,2.376493,9,8:00,9:00,1:00
,07/06/18,LaD-893,48.863498,2.388589,4,21:00,22:00,1:00
,07/06/18,LaD-894,48.85099,2.390082,7,8:00,9:00,1:00
,07/06/18,LaD-895,48.887879,2.341744,4,20:00,21:00,1:00
,07/06/18,LaD-896,48.876098,2.344666,4,13:00,14:00,1:00
,07/06/18,LaD-897,48.868349,2.399957,3,20:00,21:00,1:00
,07/06/18,LaD-898,48.871532,2.382914,4,11:00,12:00,1:00
,07/06/18,LaD-899,48.85938,2.379317,5,20:00,21:00,1:00
,07/06/18,LaD-900,48.886229,2.339046,3,21:00,22:00,1:00
,07/06/18,LaD-901,48.87475,2.391854,4,20:00,21:00,1:00
,07/06/18,LaD-902,48.882391,2.331069,7,11:00,12:00,1:00
,07/06/18,LaD-903,48.865498,2.380064,7,20:00,21:00,1:00
,07/06/18,LaD-904,48.878381,2.358039,4,21:00,22:00,1:00
,07/06/18,LaD-905,48.886791,2.381287,5,19:00,20:00,1:00
,07/06/18,LaD-906,48.846279,2.36839,5,20:00,21:00,1:00
,07/06/18,LaD-907,48.86861,2.368112,7,15:00,16:00,1:00
,07/06/18,LaD-908,48.886188,2.336384,6,14:00,15:00,1:00
,08/06/18,LaD-909,48.892018,2.352239,3,11:00,12:00,1:00
,08/06/18,LaD-910,48.888932,2.327588,4,12:00,13:00,1:00
,08/06/18,LaD-911,48.8785,2.364281,10,13:00,14:00,1:00
,08/06/18,LaD-912,48.848321,2.404948,2,7:00,8:00,1:00
,08/06/18,LaD-913,48.860351,2.353048,4,12:00,13:00,1:00
,08/06/18,LaD-914,48.879251,2.371484,2,13:00,14:00,1:00
,08/06/18,LaD-915,48.866527,2.368696,5,11:00,12:00,1:00
,08/06/18,LaD-916,48.879239,2.337903,5,11:00,12:00,1:00
,08/06/18,LaD-917,48.86819,2.368471,5,11:00,12:00,1:00
,08/06/18,LaD-918,48.87252,2.329243,6,11:00,12:00,1:00
,08/06/18,LaD-919,48.874389,2.340763,3,11:00,12:00,1:00
,08/06/18,LaD-920,48.87559,2.387807,3,11:00,12:00,1:00
,08/06/18,LaD-921,48.885088,2.341914,2,20:00,21:00,1:00
,08/06/18,LaD-922,48.854238,2.369299,8,14:00,15:00,1:00
,08/06/18,LaD-923,48.840822,2.390379,8,17:00,18:00,1:00
,08/06/18,LaD-924,48.867651,2.376322,2,18:00,19:00,1:00
,08/06/18,LaD-925,48.875897,2.346447,7,17:00,18:00,1:00
,08/06/18,LaD-926,48.885508,2.353678,5,19:00,20:00,1:00
,08/06/18,LaD-927,48.89135,2.347643,1,18:00,19:00,1:00
,08/06/18,LaD-928,48.885762,2.39144,1,19:00,20:00,1:00
,08/06/18,LaD-929,48.861422,2.382042,7,19:00,20:00,1:00
,08/06/18,LaD-930,48.874821,2.370297,4,19:00,20:00,1:00
,08/06/18,LaD-931,48.866018,2.398814,5,19:00,20:00,1:00
,08/06/18,LaD-932,48.876258,2.393401,5,20:00,21:00,1:00
,08/06/18,LaD-933,48.883249,2.385792,6,19:00,20:00,1:00
,08/06/18,LaD-934,48.88905,2.344621,3,8:00,9:00,1:00
,08/06/18,LaD-935,48.88206,2.36884,5,8:00,9:00,1:00
,08/06/18,LaD-936,48.864279,2.343929,5,8:00,9:00,1:00
,08/06/18,LaD-937,48.858877,2.358561,3,7:00,8:00,1:00
,08/06/18,LaD-938,48.858641,2.354856,3,9:00,10:00,1:00
,08/06/18,LaD-939,48.843533,2.396791,3,10:00,11:00,1:00
,08/06/18,LaD-940,48.87614,2.387492,8,9:00,10:00,1:00
,08/06/18,LaD-941,48.88889,2.35803,6,10:00,11:00,1:00
,08/06/18,LaD-942,48.889907,2.376026,8,11:00,12:00,1:00
,08/06/18,LaD-943,48.893863,2.383571,1,10:00,11:00,1:00
,08/06/18,LaD-944,48.878908,2.347274,1,11:00,12:00,1:00
,08/06/18,LaD-945,48.844361,2.407646,6,11:00,12:00,1:00
,08/06/18,LaD-946,48.858759,2.362662,5,15:00,16:00,1:00
,08/06/18,LaD-947,48.845001,2.405739,8,21:00,22:00,1:00
,08/06/18,LaD-948,48.878411,2.399237,5,17:00,18:00,1:00
,08/06/18,LaD-949,48.859889,2.370567,4,20:00,21:00,1:00
,08/06/18,LaD-950,48.886951,2.346474,2,19:00,20:00,1:00
,08/06/18,LaD-951,48.870609,2.399444,5,19:00,20:00,1:00
,08/06/18,LaD-952,48.88724,2.334729,5,7:00,8:00,1:00
,08/06/18,LaD-953,48.879357,2.337148,6,7:00,8:00,1:00
,08/06/18,LaD-954,48.872508,2.344513,1,9:00,10:00,1:00
,08/06/18,LaD-955,48.879688,2.338803,1,10:00,11:00,1:00
,08/06/18,LaD-956,48.84767,2.364388,9,8:00,9:00,1:00
,08/06/18,LaD-957,48.893248,2.384344,10,7:00,8:00,1:00
,08/06/18,LaD-958,48.871609,2.378544,3,9:00,11:00,2:00
,08/06/18,LaD-959,48.88669,2.345089,6,10:00,11:00,1:00
,08/06/18,LaD-960,48.834222,2.407241,1,14:00,15:00,1:00
,08/06/18,LaD-961,48.898078,2.3591,1,15:00,16:00,1:00
,08/06/18,LaD-962,48.879079,2.350683,4,11:00,12:00,1:00
,08/06/18,LaD-963,48.872957,2.343021,5,11:00,12:00,1:00
,08/06/18,LaD-964,48.88135,2.341006,3,15:00,16:00,1:00
,08/06/18,LaD-965,48.876867,2.341833,4,19:00,20:00,1:00
,08/06/18,LaD-966,48.857493,2.375918,7,14:00,15:00,1:00
,08/06/18,LaD-967,48.846178,2.39751,2,20:00,21:00,1:00
,08/06/18,LaD-968,48.898191,2.348156,7,15:00,16:00,1:00
,08/06/18,LaD-969,48.843468,2.408051,4,19:00,20:00,1:00
,08/06/18,LaD-970,48.833849,2.416072,9,19:00,20:00,1:00
,08/06/18,LaD-971,48.869373,2.365081,9,20:00,21:00,1:00
,08/06/18,LaD-972,48.867693,2.346636,1,15:00,16:00,1:00
,08/06/18,LaD-973,48.880327,2.34151,5,18:00,19:00,1:00
,08/06/18,LaD-974,48.894312,2.336842,6,20:00,21:00,1:00
,08/06/18,LaD-975,48.887359,2.341483,5,19:00,20:00,1:00
,08/06/18,LaD-976,48.866752,2.38161,3,19:00,20:00,1:00
,08/06/18,LaD-977,48.8659,2.397609,7,9:00,10:00,1:00
,08/06/18,LaD-978,48.851049,2.380297,6,11:00,12:00,1:00
,08/06/18,LaD-979,48.834009,2.405407,1,12:00,13:00,1:00
,08/06/18,LaD-980,48.842982,2.388202,1,13:00,15:00,2:00
,08/06/18,LaD-981,48.890167,2.336914,1,11:00,12:00,1:00
,08/06/18,LaD-982,48.88928,2.385558,2,12:00,13:00,1:00
,08/06/18,LaD-983,48.836258,2.39457,6,19:00,20:00,1:00
,08/06/18,LaD-984,48.876382,2.368714,14,17:00,18:00,1:00
,08/06/18,LaD-985,48.889499,2.398626,11,20:00,21:00,1:00
,08/06/18,LaD-986,48.883538,2.364182,1,19:00,20:00,1:00
,08/06/18,LaD-987,48.882302,2.388229,8,19:00,20:00,1:00
,08/06/18,LaD-988,48.859369,2.401881,7,19:00,20:00,1:00
,08/06/18,LaD-989,48.841633,2.3909,10,19:00,20:00,1:00
,08/06/18,LaD-990,48.88507,2.334099,3,10:00,11:00,1:00
,08/06/18,LaD-991,48.887879,2.386449,6,11:00,12:00,1:00
,08/06/18,LaD-992,48.852469,2.393383,4,20:00,21:00,1:00
,08/06/18,LaD-993,48.865421,2.389542,5,11:00,12:00,1:00
,08/06/18,LaD-994,48.88902,2.359379,7,18:00,19:00,1:00
,08/06/18,LaD-995,48.886123,2.377644,8,14:00,16:00,2:00
,08/06/18,LaD-996,48.878848,2.362428,1,19:00,20:00,1:00
,08/06/18,LaD-997,48.868533,2.341959,5,15:00,16:00,1:00
,08/06/18,LaD-998,48.891959,2.335241,3,12:00,13:00,1:00
,08/06/18,LaD-999,48.889133,2.360494,3,21:00,22:00,1:00
,08/06/18,LaD-1000,48.883828,2.330583,4,20:00,21:00,1:00
,08/06/18,LaD-1001,48.866509,2.371034,5,7:00,8:00,1:00
,08/06/18,LaD-1002,48.867651,2.336177,4,18:00,19:00,1:00
,08/06/18,LaD-1003,48.850203,2.383697,3,7:00,8:00,1:00
,08/06/18,LaD-1004,48.849552,2.412952,11,19:00,20:00,1:00
,08/06/18,LaD-1005,48.879132,2.363219,4,7:00,8:00,1:00
,08/06/18,LaD-1006,48.879422,2.357518,1,18:00,19:00,1:00
,08/06/18,LaD-1007,48.871017,2.379029,2,13:00,14:00,1:00
,08/06/18,LaD-1008,48.868077,2.363651,11,14:00,15:00,1:00
,08/06/18,LaD-1009,48.875412,2.391323,6,14:00,15:00,1:00
,08/06/18,LaD-1010,48.846048,2.374497,7,20:00,21:00,1:00
,08/06/18,LaD-1011,48.835098,2.387177,8,11:00,12:00,1:00
,08/06/18,LaD-1012,48.893709,2.345844,5,19:00,20:00,1:00
,08/06/18,LaD-1013,48.846172,2.411288,4,11:00,12:00,1:00
,08/06/18,LaD-1014,48.838709,2.381377,8,19:00,20:00,1:00
,08/06/18,LaD-1015,48.89012,2.333056,4,18:00,19:00,1:00
,08/06/18,LaD-1016,48.860747,2.342436,6,11:00,12:00,1:00
,08/06/18,LaD-1017,48.841,2.404714,1,11:00,12:00,1:00
,08/06/18,LaD-1018,48.874549,2.372959,4,11:00,12:00,1:00
,08/06/18,LaD-1019,48.84912,2.372159,4,18:00,19:00,1:00
,08/06/18,LaD-1020,48.876772,2.34874,5,19:00,20:00,1:00
,08/06/18,LaD-1021,48.833488,2.402169,1,13:00,14:00,1:00
,08/06/18,LaD-1022,48.862463,2.382006,5,13:00,14:00,1:00
,08/06/18,LaD-1023,48.852191,2.403149,1,18:00,19:00,1:00
,08/06/18,LaD-1024,48.857428,2.356268,5,19:00,20:00,1:00
,08/06/18,LaD-1025,48.872537,2.356061,1,15:00,16:00,1:00
,08/06/18,LaD-1026,48.89488,2.378328,1,18:00,19:00,1:00
,08/06/18,LaD-1027,48.875808,2.327831,6,18:00,19:00,1:00
,08/06/18,LaD-1028,48.868953,2.351699,3,10:00,11:00,1:00
,08/06/18,LaD-1029,48.887542,2.332211,10,11:00,12:00,1:00
,08/06/18,LaD-1030,48.875288,2.402843,7,11:00,12:00,1:00
,08/06/18,LaD-1031,48.86435,2.370423,12,18:00,19:00,1:00
,08/06/18,LaD-1032,48.855588,2.371187,4,9:00,10:00,1:00
,08/06/18,LaD-1033,48.881658,2.39251,5,11:00,12:00,1:00
,08/06/18,LaD-1034,48.879629,2.327354,5,17:00,18:00,1:00
,08/06/18,LaD-1035,48.879872,2.343569,5,7:00,8:00,1:00
,08/06/18,LaD-1036,48.843012,2.401,7,20:00,21:00,1:00
,08/06/18,LaD-1037,48.860297,2.350557,8,15:00,16:00,1:00
,08/06/18,LaD-1038,48.86493,2.397088,4,19:00,20:00,1:00
,08/06/18,LaD-1039,48.857688,2.351474,6,18:00,19:00,1:00
,08/06/18,LaD-1040,48.900697,2.352068,7,6:00,7:00,1:00
,08/06/18,LaD-1041,48.843391,2.387573,7,10:00,11:00,1:00
,08/06/18,LaD-1042,48.854238,2.387744,6,10:00,11:00,1:00
,08/06/18,LaD-1043,48.86435,2.400289,2,8:00,9:00,1:00
,08/06/18,LaD-1044,48.857812,2.377132,2,11:00,12:00,1:00
,08/06/18,LaD-1045,48.848788,2.364604,2,11:00,12:00,1:00
,08/06/18,LaD-1046,48.86716,2.39278,5,12:00,13:00,1:00
,08/06/18,LaD-1047,48.876063,2.397888,4,12:00,13:00,1:00
,08/06/18,LaD-1048,48.880717,2.362563,3,14:00,15:00,1:00
,08/06/18,LaD-1049,48.86916,2.362779,4,15:00,16:00,1:00
,08/06/18,LaD-1050,48.866782,2.347247,3,19:00,20:00,1:00
,08/06/18,LaD-1051,48.89394,2.339423,4,14:00,15:00,1:00
,08/06/18,LaD-1052,48.859102,2.351294,7,19:00,20:00,1:00
,08/06/18,LaD-1053,48.868403,2.398707,5,18:00,19:00,1:00
,08/06/18,LaD-1054,48.87207,2.40877,2,20:00,21:00,1:00
,08/06/18,LaD-1055,48.888778,2.331941,7,7:00,8:00,1:00
,08/06/18,LaD-1056,48.86506,2.332031,3,12:00,13:00,1:00
,08/06/18,LaD-1057,48.86141,2.412817,1,15:00,16:00,1:00
,08/06/18,LaD-1058,48.891711,2.329792,2,10:00,11:00,1:00
,08/06/18,LaD-1059,48.893762,2.359577,8,19:00,20:00,1:00
,08/06/18,LaD-1060,48.853789,2.350773,3,18:00,19:00,1:00
,08/06/18,LaD-1061,48.868101,2.33097,1,21:00,22:00,1:00
,08/06/18,LaD-1062,48.89485,2.328344,5,8:00,9:00,1:00
,08/06/18,LaD-1063,48.864959,2.353857,5,11:00,12:00,1:00
,08/06/18,LaD-1064,48.873099,2.381116,7,8:00,9:00,1:00
,08/06/18,LaD-1065,48.89391,2.341878,5,16:00,17:00,1:00
,08/06/18,LaD-1066,48.890629,2.362626,1,17:00,18:00,1:00
,08/06/18,LaD-1067,48.891267,2.332139,6,9:00,10:00,1:00
,08/06/18,LaD-1068,48.893709,2.345844,4,13:00,14:00,1:00
,08/06/18,LaD-1069,48.87928,2.339963,1,10:00,11:00,1:00
,08/06/18,LaD-1070,48.84545,2.371223,2,11:00,12:00,1:00
,08/06/18,LaD-1071,48.886152,2.328398,4,10:00,11:00,1:00
,08/06/18,LaD-1072,48.891959,2.347751,4,12:00,13:00,1:00
,08/06/18,LaD-1073,48.872709,2.347886,1,9:00,10:00,1:00
,08/06/18,LaD-1074,48.887678,2.325232,7,17:00,18:00,1:00
,08/06/18,LaD-1075,48.891912,2.330691,3,9:00,10:00,1:00
,08/06/18,LaD-1076,48.891983,2.375306,3,10:00,11:00,1:00
,08/06/18,LaD-1077,48.873259,2.404966,5,11:00,12:00,1:00
,08/06/18,LaD-1078,48.868172,2.407079,5,11:00,12:00,1:00
,08/06/18,LaD-1079,48.886448,2.34535,7,10:00,11:00,1:00
,08/06/18,LaD-1080,48.896642,2.370603,16,11:00,12:00,1:00
,08/06/18,LaD-1081,48.853002,2.406027,4,18:00,19:00,1:00
,08/06/18,LaD-1082,48.846391,2.408347,6,13:00,14:00,1:00
,08/06/18,LaD-1083,48.869503,2.381853,8,11:00,12:00,1:00
,09/06/18,LaD-1084,48.868982,2.391017,2,12:00,13:00,1:00
,09/06/18,LaD-1085,48.867823,2.351762,6,10:00,11:00,1:00
,09/06/18,LaD-1086,48.865622,2.346591,2,12:00,13:00,1:00
,09/06/18,LaD-1087,48.83746,2.408167,5,13:00,14:00,1:00
,09/06/18,LaD-1088,48.87191,2.353839,2,12:00,13:00,1:00
,09/06/18,LaD-1089,48.895181,2.352949,9,11:00,12:00,1:00
,09/06/18,LaD-1090,48.891859,2.348408,3,11:00,12:00,1:00
,09/06/18,LaD-1091,48.842799,2.408599,4,11:00,12:00,1:00
,09/06/18,LaD-1092,48.846078,2.411936,9,11:00,12:00,1:00
,09/06/18,LaD-1093,48.869491,2.356933,4,12:00,13:00,1:00
,09/06/18,LaD-1094,48.873141,2.354586,6,11:00,12:00,1:00
,09/06/18,LaD-1095,48.848818,2.40118,1,13:00,14:00,1:00
,09/06/18,LaD-1096,48.867338,2.340637,7,12:00,13:00,1:00
,09/06/18,LaD-1097,48.846699,2.375504,6,14:00,15:00,1:00
,09/06/18,LaD-1098,48.851238,2.358111,4,12:00,13:00,1:00
,09/06/18,LaD-1099,48.88533,2.336303,4,14:00,15:00,1:00
,09/06/18,LaD-1100,48.833109,2.401153,6,19:00,20:00,1:00
,09/06/18,LaD-1101,48.862072,2.360764,7,18:00,19:00,1:00
,09/06/18,LaD-1102,48.871538,2.401881,3,19:00,20:00,1:00
,09/06/18,LaD-1103,48.873732,2.396206,3,19:00,20:00,1:00
,09/06/18,LaD-1104,48.850469,2.390262,6,7:00,8:00,1:00
,09/06/18,LaD-1105,48.867693,2.398599,4,8:00,9:00,1:00
,09/06/18,LaD-1106,48.874028,2.34562,9,9:00,10:00,1:00
,09/06/18,LaD-1107,48.861132,2.374587,1,10:00,11:00,1:00
,09/06/18,LaD-1108,48.86054,2.343677,3,12:00,13:00,1:00
,09/06/18,LaD-1109,48.888518,2.381871,4,8:00,9:00,1:00
,09/06/18,LaD-1110,48.861392,2.376826,6,10:00,11:00,1:00
,09/06/18,LaD-1111,48.895371,2.362149,4,8:00,9:00,1:00
,09/06/18,LaD-1112,48.883048,2.369416,7,13:00,14:00,1:00
,09/06/18,LaD-1113,48.859919,2.383589,4,12:00,13:00,1:00
,09/06/18,LaD-1114,48.862682,2.372374,8,12:00,13:00,1:00
,09/06/18,LaD-1115,48.886477,2.36661,5,11:00,12:00,1:00
,09/06/18,LaD-1116,48.885058,2.366934,4,11:00,12:00,1:00
,09/06/18,LaD-1117,48.885141,2.384003,4,12:00,13:00,1:00
,09/06/18,LaD-1118,48.88779,2.348857,3,12:00,13:00,1:00
,09/06/18,LaD-1119,48.874968,2.403014,1,10:00,11:00,1:00
,09/06/18,LaD-1120,48.875282,2.405766,6,11:00,12:00,1:00
,09/06/18,LaD-1121,48.886708,2.380963,6,11:00,12:00,1:00
,09/06/18,LaD-1122,48.84287,2.391899,1,12:00,13:00,1:00
,09/06/18,LaD-1123,48.86212,2.402888,1,14:00,15:00,1:00
,09/06/18,LaD-1124,48.865261,2.367581,4,11:00,12:00,1:00
,09/06/18,LaD-1125,48.887737,2.347193,5,14:00,15:00,1:00
,09/06/18,LaD-1126,48.875661,2.383679,3,12:00,13:00,1:00
,09/06/18,LaD-1127,48.86251,2.348506,4,14:00,15:00,1:00
,09/06/18,LaD-1128,48.872691,2.407898,5,18:00,19:00,1:00
,09/06/18,LaD-1129,48.838087,2.402529,7,13:00,14:00,1:00
,09/06/18,LaD-1130,48.844959,2.39564,4,13:00,14:00,1:00
,09/06/18,LaD-1131,48.836679,2.397376,7,18:00,19:00,1:00
,09/06/18,LaD-1132,48.868403,2.398707,8,15:00,16:00,1:00
,09/06/18,LaD-1133,48.898268,2.338479,2,18:00,19:00,1:00
,09/06/18,LaD-1134,48.861481,2.366556,9,18:00,19:00,1:00
,09/06/18,LaD-1135,48.892592,2.374677,8,18:00,19:00,1:00
,09/06/18,LaD-1136,48.83746,2.408167,7,12:00,13:00,1:00
,09/06/18,LaD-1137,48.855369,2.363543,5,8:00,9:00,1:00
,09/06/18,LaD-1138,48.856747,2.388131,6,8:00,9:00,1:00
,09/06/18,LaD-1139,48.873271,2.388922,8,12:00,13:00,1:00
,09/06/18,LaD-1140,48.8649,2.398077,5,13:00,14:00,1:00
,09/06/18,LaD-1141,48.848557,2.363048,6,10:00,11:00,1:00
,09/06/18,LaD-1142,48.871567,2.353507,4,9:00,10:00,1:00
,09/06/18,LaD-1143,48.874217,2.339189,6,11:00,12:00,1:00
,09/06/18,LaD-1144,48.897339,2.343209,4,10:00,11:00,1:00
,09/06/18,LaD-1145,48.869668,2.345206,4,11:00,12:00,1:00
,09/06/18,LaD-1146,48.853031,2.37929,5,11:00,12:00,1:00
,09/06/18,LaD-1147,48.87553,2.34705,3,13:00,14:00,1:00
,09/06/18,LaD-1148,48.8797,2.332966,5,13:00,14:00,1:00
,09/06/18,LaD-1149,48.880599,2.367608,4,11:00,12:00,1:00
,09/06/18,LaD-1150,48.868077,2.363651,5,12:00,13:00,1:00
,09/06/18,LaD-1151,48.88905,2.327408,4,12:00,13:00,1:00
,09/06/18,LaD-1152,48.897842,2.339828,4,12:00,13:00,1:00
,09/06/18,LaD-1153,48.872011,2.355746,6,11:00,12:00,1:00
,09/06/18,LaD-1154,48.883349,2.395361,3,11:00,12:00,1:00
,09/06/18,LaD-1155,48.848202,2.413024,1,12:00,13:00,1:00
,09/06/18,LaD-1156,48.862392,2.354172,8,12:00,13:00,1:00
,09/06/18,LaD-1157,48.877252,2.390676,3,11:00,12:00,1:00
,09/06/18,LaD-1158,48.851653,2.35419,11,12:00,13:00,1:00
,09/06/18,LaD-1159,48.867042,2.361358,11,18:00,19:00,1:00
,09/06/18,LaD-1160,48.866101,2.383616,4,9:00,10:00,1:00
,09/06/18,LaD-1161,48.876441,2.377869,3,12:00,13:00,1:00
,09/06/18,LaD-1162,48.869331,2.349846,4,11:00,12:00,1:00
,09/06/18,LaD-1163,48.873839,2.370558,5,10:00,11:00,1:00
,09/06/18,LaD-1164,48.868243,2.400856,6,9:00,10:00,1:00
,09/06/18,LaD-1165,48.875678,2.327507,6,11:00,12:00,1:00
,09/06/18,LaD-1166,48.855292,2.393257,4,11:00,12:00,1:00
,09/06/18,LaD-1167,48.891817,2.34294,3,11:00,12:00,1:00
,09/06/18,LaD-1168,48.868669,2.368202,2,11:00,12:00,1:00
,09/06/18,LaD-1169,48.833831,2.398266,1,11:00,12:00,1:00
,09/06/18,LaD-1170,48.868403,2.398707,1,14:00,15:00,1:00
,09/06/18,LaD-1171,48.882959,2.380001,7,11:00,12:00,1:00
,09/06/18,LaD-1172,48.891521,2.343803,7,16:00,18:00,2:00
,09/06/18,LaD-1173,48.889907,2.329018,4,14:00,15:00,1:00
,09/06/18,LaD-1174,48.87097,2.399912,13,15:00,16:00,1:00
,09/06/18,LaD-1175,48.845492,2.397546,4,10:00,11:00,1:00
,09/06/18,LaD-1176,48.86706,2.34472,6,10:00,11:00,1:00
,09/06/18,LaD-1177,48.876169,2.346429,3,11:00,12:00,1:00
,09/06/18,LaD-1178,48.873371,2.401683,6,17:00,18:00,1:00
,09/06/18,LaD-1179,48.870349,2.357554,3,11:00,12:00,1:00
,09/06/18,LaD-1180,48.86396,2.40037,3,18:00,19:00,1:00
,09/06/18,LaD-1181,48.886909,2.395361,12,11:00,12:00,1:00
,09/06/18,LaD-1182,48.876861,2.353147,7,11:00,12:00,1:00
,09/06/18,LaD-1183,48.857209,2.359352,6,9:00,10:00,1:00
,09/06/18,LaD-1184,48.860783,2.38144,6,13:00,14:00,1:00
,09/06/18,LaD-1185,48.888701,2.333263,3,15:00,16:00,1:00
,09/06/18,LaD-1186,48.846048,2.381503,5,11:00,12:00,1:00
,09/06/18,LaD-1187,48.853747,2.367347,4,9:00,10:00,1:00
,09/06/18,LaD-1188,48.868491,2.350323,5,12:00,13:00,1:00
,09/06/18,LaD-1189,48.838158,2.402538,1,11:00,12:00,1:00
,09/06/18,LaD-1190,48.878091,2.33615,1,18:00,19:00,1:00
,09/06/18,LaD-1191,48.876772,2.34874,8,18:00,19:00,1:00
,09/06/18,LaD-1192,48.893218,2.328254,4,11:00,12:00,1:00
,09/06/18,LaD-1193,48.855292,2.355809,6,12:00,13:00,1:00
,09/06/18,LaD-1194,48.871958,2.333767,1,18:00,19:00,1:00
,09/06/18,LaD-1195,48.893502,2.329576,1,17:00,18:00,1:00
,09/06/18,LaD-1196,48.862528,2.386017,3,12:00,13:00,1:00
,09/06/18,LaD-1197,48.87834,2.366709,8,12:00,13:00,1:00
,09/06/18,LaD-1198,48.885981,2.389021,7,13:00,14:00,1:00
,09/06/18,LaD-1199,48.886123,2.377644,5,11:00,12:00,1:00
,09/06/18,LaD-1200,48.885242,2.379749,1,19:00,20:00,1:00
,09/06/18,LaD-1201,48.879978,2.33141,1,18:00,19:00,1:00
,09/06/18,LaD-1202,48.870763,2.342787,6,12:00,13:00,1:00
,09/06/18,LaD-1203,48.877482,2.34151,5,11:00,12:00,1:00
,09/06/18,LaD-1204,48.888512,2.388994,3,14:00,15:00,1:00
,09/06/18,LaD-1205,48.875862,2.392052,6,8:00,9:00,1:00
,09/06/18,LaD-1206,48.889428,2.376853,5,13:00,14:00,1:00
,09/06/18,LaD-1207,48.841059,2.405847,3,10:00,11:00,1:00
,09/06/18,LaD-1208,48.888807,2.388634,8,11:00,12:00,1:00
,09/06/18,LaD-1209,48.869739,2.352463,7,11:00,12:00,1:00
,09/06/18,LaD-1210,48.868769,2.395451,3,8:00,9:00,1:00
,09/06/18,LaD-1211,48.88999,2.362041,3,12:00,13:00,1:00
,09/06/18,LaD-1212,48.891581,2.382519,8,11:00,12:00,1:00
,09/06/18,LaD-1213,48.871461,2.40162,1,11:00,12:00,1:00
,09/06/18,LaD-1214,48.876861,2.344486,6,9:00,10:00,1:00
,09/06/18,LaD-1215,48.858209,2.349801,5,11:00,12:00,1:00
,09/06/18,LaD-1216,48.836081,2.393742,3,13:00,14:00,1:00
,09/06/18,LaD-1217,48.890203,2.336689,1,13:00,14:00,1:00
,09/06/18,LaD-1218,48.890297,2.384938,6,8:00,9:00,1:00
,09/06/18,LaD-1219,48.881108,2.336599,10,12:00,13:00,1:00
,09/06/18,LaD-1220,48.864557,2.373571,5,11:00,12:00,1:00
,09/06/18,LaD-1221,48.839709,2.401378,1,11:00,12:00,1:00
,09/06/18,LaD-1222,48.84606,2.375468,7,10:00,11:00,1:00
,09/06/18,LaD-1223,48.833648,2.405424,3,11:00,12:00,1:00
,09/06/18,LaD-1224,48.86238,2.40082,6,8:00,9:00,1:00
,09/06/18,LaD-1225,48.848753,2.398563,10,10:00,11:00,1:00
,09/06/18,LaD-1226,48.878612,2.400658,5,11:00,12:00,1:00
,09/06/18,LaD-1227,48.89579,2.327786,4,13:00,14:00,1:00
,09/06/18,LaD-1228,48.867693,2.341519,6,9:00,10:00,1:00
,09/06/18,LaD-1229,48.873531,2.355953,5,12:00,13:00,1:00
,09/06/18,LaD-1230,48.890948,2.348551,5,10:00,11:00,1:00
,09/06/18,LaD-1231,48.895808,2.341654,3,12:00,13:00,1:00
,09/06/18,LaD-1232,48.884159,2.392924,5,10:00,11:00,1:00
,09/06/18,LaD-1233,48.887223,2.369937,4,10:00,11:00,1:00
,09/06/18,LaD-1234,48.862149,2.376907,3,11:00,12:00,1:00
,09/06/18,LaD-1235,48.878618,2.338308,6,11:00,12:00,1:00
,09/06/18,LaD-1236,48.892521,2.343272,6,11:00,12:00,1:00
,09/06/18,LaD-1237,48.880759,2.349801,4,11:00,12:00,1:00
,09/06/18,LaD-1238,48.891492,2.336599,1,11:00,12:00,1:00
,09/06/18,LaD-1239,48.882787,2.38581,3,11:00,12:00,1:00
,09/06/18,LaD-1240,48.855321,2.395073,3,11:00,12:00,1:00
,09/06/18,LaD-1241,48.886152,2.389866,5,11:00,12:00,1:00
,09/06/18,LaD-1242,48.854037,2.379137,1,13:00,14:00,1:00
,09/06/18,LaD-1243,48.874081,2.390954,6,11:00,12:00,1:00
,09/06/18,LaD-1244,48.852682,2.386287,2,17:00,18:00,1:00
,09/06/18,LaD-1245,48.860818,2.350377,4,17:00,18:00,1:00
,09/06/18,LaD-1246,48.853363,2.40975,1,15:00,16:00,1:00
,09/06/18,LaD-1247,48.859191,2.410569,1,15:00,16:00,1:00
,09/06/18,LaD-1248,48.863652,2.404732,2,11:00,12:00,1:00
,09/06/18,LaD-1249,48.853398,2.394579,7,15:00,16:00,1:00
,09/06/18,LaD-1250,48.862629,2.385217,4,11:00,12:00,1:00
,09/06/18,LaD-1251,48.891048,2.349568,7,9:00,10:00,1:00
,09/06/18,LaD-1252,48.876968,2.364793,2,15:00,16:00,1:00
,09/06/18,LaD-1253,48.835151,2.398904,1,11:00,12:00,1:00
,09/06/18,LaD-1254,48.870148,2.366592,6,11:00,12:00,1:00
,09/06/18,LaD-1255,48.881581,2.335143,11,10:00,11:00,1:00
,09/06/18,LaD-1256,48.85867,2.368453,8,7:00,8:00,1:00
,09/06/18,LaD-1257,48.881262,2.387591,6,11:00,12:00,1:00
,09/06/18,LaD-1258,48.856428,2.383427,4,19:00,20:00,1:00
,09/06/18,LaD-1259,48.892669,2.329306,11,11:00,12:00,1:00
,09/06/18,LaD-1260,48.854079,2.409292,7,11:00,12:00,1:00
,09/06/18,LaD-1261,48.89012,2.342184,4,18:00,19:00,1:00
,09/06/18,LaD-1262,48.888973,2.335934,6,9:00,10:00,1:00
,09/06/18,LaD-1263,48.854233,2.383337,3,11:00,12:00,1:00
,09/06/18,LaD-1264,48.847439,2.388409,4,11:00,12:00,1:00
,09/06/18,LaD-1265,48.856309,2.373202,5,13:00,14:00,1:00
,09/06/18,LaD-1266,48.851812,2.380666,10,9:00,10:00,1:00
,09/06/18,LaD-1267,48.869852,2.400047,10,11:00,12:00,1:00
,09/06/18,LaD-1268,48.84938,2.376718,1,11:00,12:00,1:00
,09/06/18,LaD-1269,48.859789,2.354334,5,11:00,12:00,1:00
,09/06/18,LaD-1270,48.874028,2.346627,4,11:00,12:00,1:00
,09/06/18,LaD-1271,48.85596,2.392411,6,11:00,12:00,1:00
,09/06/18,LaD-1272,48.862463,2.410191,5,11:00,12:00,1:00
,09/06/18,LaD-1273,48.900532,2.352149,7,13:00,14:00,1:00
,09/06/18,LaD-1274,48.863622,2.370369,3,10:00,11:00,1:00
,09/06/18,LaD-1275,48.870822,2.355107,2,11:00,12:00,1:00